id	file	key	source	target	status	note
data/scenes/arrival/data.c:arrival_default_title	data/scenes/arrival/data.c	arrival_default_title	Error[	错误	final	
data/scenes/cafe/dialogue.c:cafe_dialogue_adhd[0]	data/scenes/cafe/dialogue.c	cafe_dialogue_adhd[0]	\nI'm not sure why, but man, am I tired...\n\n\n	"说起来，
我现在不知怎么的，特别困呀…
"	final	
data/scenes/cafe/dialogue.c:cafe_dialogue_adhd[12]	data/scenes/cafe/dialogue.c	cafe_dialogue_adhd[12]	\nWant to go for a drive with me, sometime?\nIf you want to, I mean...\nAnyway, see you later.	"下次要不要去兜个风呢？
不过，也得看你愿不愿意啦。
那，下回见。"	final	
data/scenes/cafe/dialogue.c:cafe_dialogue_adhd[4]	data/scenes/cafe/dialogue.c	cafe_dialogue_adhd[4]	\nI was up last night playing until\nwho-knows-when...\n\n	"毕竟昨晚玩到很晚嘛…
"	final	
data/scenes/cafe/dialogue.c:cafe_dialogue_adhd[8]	data/scenes/cafe/dialogue.c	cafe_dialogue_adhd[8]	\nOops! Sorry.\nI'm talking to myself again.\nDon't mind me.\n	"啊，不，没什么，这是我自己的事。
只是自言自语啦… 抱歉哦。
"	final	
data/scenes/cafe/dialogue.c:cafe_dialogue_all_perfects_clear[0]	data/scenes/cafe/dialogue.c	cafe_dialogue_all_perfects_clear[0]	\nIf you've made it this far, then your\nsense of rhythm has just got to be\na step above the rest!	"哎呀，都已经玩到这种地步了，
你的节奏感
肯定已经变得相当好了呢！"	final	
data/scenes/cafe/dialogue.c:cafe_dialogue_all_perfects_clear[13]	data/scenes/cafe/dialogue.c	cafe_dialogue_all_perfects_clear[13]	\nSo I guess that means you've\ncollected everything?\nImpressive!	"哎呀呀，这可真是不得了，
居然全部完成了呀。
真有你的〜。"	final	
data/scenes/cafe/dialogue.c:cafe_dialogue_all_perfects_clear[17]	data/scenes/cafe/dialogue.c	cafe_dialogue_all_perfects_clear[17]	\nGood work out there, my friend.\nYou've really earned a break.\nSee you around!\n	"你也累了吧？
稍微休息一下哦。
那，下回见。"	final	
data/scenes/cafe/dialogue.c:cafe_dialogue_all_perfects_clear[5]	data/scenes/cafe/dialogue.c	cafe_dialogue_all_perfects_clear[5]	\nI'm so proud of you.\nMoved to tears, even!\n\n	"我也高兴得
眼泪汪汪啦…
"	final	
data/scenes/cafe/dialogue.c:cafe_dialogue_all_perfects_clear[8]	data/scenes/cafe/dialogue.c	cafe_dialogue_all_perfects_clear[8]	\nI know it's not much of a gift,\nbut I've opened up more studio\nsongs for you.\n	"对了对了，
作为庆祝，虽然只是小小心意，
我帮你往录音室里添了些曲子。
"	final	
data/scenes/cafe/dialogue.c:cafe_dialogue_all_perfects_clear_big[0]	data/scenes/cafe/dialogue.c	cafe_dialogue_all_perfects_clear_big[0]	\nwoohoo main & extra!\n\n	天哪，主关卡和额外关卡	draft	
data/scenes/cafe/dialogue.c:cafe_dialogue_all_perfects_clear_big[1]	data/scenes/cafe/dialogue.c	cafe_dialogue_all_perfects_clear_big[1]	\nyou finished the campaign!\n\n	你完成了所有的完美挑战！	draft	
data/scenes/cafe/dialogue.c:cafe_dialogue_coffee[0]	data/scenes/cafe/dialogue.c	cafe_dialogue_coffee[0]	\nSo, I made you some coffee.\n\n	"说起来，
咖啡已经上好啦。
"	final	
data/scenes/cafe/dialogue.c:cafe_dialogue_coffee[11]	data/scenes/cafe/dialogue.c	cafe_dialogue_coffee[11]	\nMe? I can make coffee, but...\nneed to work on the rest. Heh...\n\n	"我嘛，也就只会给人煮煮咖啡而已啦… 哈哈哈…
"	final	
data/scenes/cafe/dialogue.c:cafe_dialogue_coffee[4]	data/scenes/cafe/dialogue.c	cafe_dialogue_coffee[4]	\nWait, you didn't order coffee?\nOh, this is from the person\nsitting next to you. His treat.	"咦？你说你没点？ 啊，这个嘛，是旁边那位请的啦…
"	final	
data/scenes/cafe/dialogue.c:cafe_dialogue_coffee[7]	data/scenes/cafe/dialogue.c	cafe_dialogue_coffee[7]	\nHe's not much for words, but\nhe's pretty friendly, and I guess\ngenerous too.	"虽、虽然那位不太爱说话，
但大概也是想跟你交个朋友吧？
"	final	
data/scenes/cafe/dialogue.c:cafe_dialogue_come_back_later[0]	data/scenes/cafe/dialogue.c	cafe_dialogue_come_back_later[0]	\nCould you come back in a while?\nI'm a bit busy.\n\n	"过一会儿再来哦〜。
"	final	
data/scenes/cafe/dialogue.c:cafe_dialogue_dog_barista[0]	data/scenes/cafe/dialogue.c	cafe_dialogue_dog_barista[0]	\nBy the way, I'm actually a dog.\n\n	"说起来，
其实啊，我是一只狗哦。
"	final	
data/scenes/cafe/dialogue.c:cafe_dialogue_dog_barista[12]	data/scenes/cafe/dialogue.c	cafe_dialogue_dog_barista[12]	\nYou're a human, right? They say I'm\nsupposed to be your best friend.\nWe'd better get along then!	"客人你是人类吧？
虽然我是只狗，不过今后
也请继续跟我好好相处哦〜。"	final	
data/scenes/cafe/dialogue.c:cafe_dialogue_dog_barista[4]	data/scenes/cafe/dialogue.c	cafe_dialogue_dog_barista[4]	\nI'm nine years old. Pretty spry\nfor my age, if I say so.\n\n	"算起来我已经 9 岁了，
也算一把年纪啦。"	final	
data/scenes/cafe/dialogue.c:cafe_dialogue_dog_barista[8]	data/scenes/cafe/dialogue.c	cafe_dialogue_dog_barista[8]	\nTime goes by pretty fast when you're\nas old as I am.\n\n	"哎呀呀，到了这个年纪，
时间过得可真快呢。
"	final	
data/scenes/cafe/dialogue.c:cafe_dialogue_drum_lessons[0]	data/scenes/cafe/dialogue.c	cafe_dialogue_drum_lessons[0]	\nYou ever check out the drum\nlessons in the bonus corner?\n\n	"说起来，奖励角里的击鼓课程，
你玩过吗？
"	final	
data/scenes/cafe/dialogue.c:cafe_dialogue_drum_lessons[12]	data/scenes/cafe/dialogue.c	cafe_dialogue_drum_lessons[12]	\nBut once you start getting into it,\nit's hard to stop.\n\n	"可一旦开始上课呀，
就还真有点停不下来呢〜。
"	final	
data/scenes/cafe/dialogue.c:cafe_dialogue_drum_lessons[15]	data/scenes/cafe/dialogue.c	cafe_dialogue_drum_lessons[15]	\nI guess no one can master the drums\nin a day, though. We should take\nour time with that stuff.	"不过嘛，乐器这种东西本来就不是一下子能变厉害的，
还是耐下心来，慢慢练下去吧…"	final	
data/scenes/cafe/dialogue.c:cafe_dialogue_drum_lessons[3]	data/scenes/cafe/dialogue.c	cafe_dialogue_drum_lessons[3]	\nI've been taking lessons every week,\nbut I never seem to get any better.\n\n	"我每周会去上一次课，
不过怎么也不见
有多少长进呢。"	final	
data/scenes/cafe/dialogue.c:cafe_dialogue_drum_lessons[8]	data/scenes/cafe/dialogue.c	cafe_dialogue_drum_lessons[8]	\nMy teacher told me that I have a\nbit of a problem pacing myself, that\nI shouldn't push myself so much.	"老师也说过啦，
这种事本来就各有所好，
不用勉强自己。话虽如此——"	final	
data/scenes/cafe/dialogue.c:cafe_dialogue_extra_perfects_clear[0]	data/scenes/cafe/dialogue.c	cafe_dialogue_extra_perfects_clear[0]	\nblabla you finished the extra campaign!\n\n	你完美了额外关卡！	draft	
data/scenes/cafe/dialogue.c:cafe_dialogue_extra_perfects_clear[1]	data/scenes/cafe/dialogue.c	cafe_dialogue_extra_perfects_clear[1]	\nit's so AWESOME!!\n\n	这太棒了！	draft	
data/scenes/cafe/dialogue.c:cafe_dialogue_first_visit[0]	data/scenes/cafe/dialogue.c	cafe_dialogue_first_visit[0]	\nWelcome to the café.\nThis your first time here?\n\n	"欢迎光临。
你是第一次来这里吧？
"	final	
data/scenes/cafe/dialogue.c:cafe_dialogue_first_visit[15]	data/scenes/cafe/dialogue.c	cafe_dialogue_first_visit[15]	\nIf there's anything I can\ndo to help, well, \0051\0015that's\nwhat I'm here for.\0054\0018	"只要有我帮得上忙的地方，
我都会尽力的哦。
"	final	control codes need review
data/scenes/cafe/dialogue.c:cafe_dialogue_first_visit[23]	data/scenes/cafe/dialogue.c	cafe_dialogue_first_visit[23]	\nI'm a little busy right now,\nsince I only just opened for the\nday, but we'll talk more later.	"我现在正在准备点东西，
请你晚点再来哦。
"	final	
data/scenes/cafe/dialogue.c:cafe_dialogue_first_visit[27]	data/scenes/cafe/dialogue.c	cafe_dialogue_first_visit[27]	\nCome back soon!\n\n	"那，下回见哦。
"	final	
data/scenes/cafe/dialogue.c:cafe_dialogue_first_visit[4]	data/scenes/cafe/dialogue.c	cafe_dialogue_first_visit[4]	\nFeel free to come on by anytime you\nfind the games \0051\0015too hard to play \0054\0018or\nyou just need to take a break.	"这里嘛，就是所谓的咖啡店啦。
游戏打得不太顺的时候，
或者累了的时候，都可以来坐坐哦。"	final	control codes need review
data/scenes/cafe/dialogue.c:cafe_dialogue_healing_with_music[0]	data/scenes/cafe/dialogue.c	cafe_dialogue_healing_with_music[0]	\nSo, when you're sad, what do\nyou do to cheer yourself up?\nMe, I listen to music.	"说起来，难过的时候
你会做什么呢？
我呀，基本上就是听音乐呢。"	final	
data/scenes/cafe/dialogue.c:cafe_dialogue_healing_with_music[11]	data/scenes/cafe/dialogue.c	cafe_dialogue_healing_with_music[11]	\nMaybe if I studied this stuff I'd know,\nbut I haven't!\nSorry! Heh.\n	"不过嘛，那些详细道理
我也不懂就是啦。哈哈哈。
"	final	
data/scenes/cafe/dialogue.c:cafe_dialogue_healing_with_music[5]	data/scenes/cafe/dialogue.c	cafe_dialogue_healing_with_music[5]	\nDusting off a favorite record of mine\nand taking a nostalgia trip...\nThat never fails to put me at ease.	"把那些挺老的唱片翻出来，
一边听一边回想当时的事，
心里就会慢慢放松下来。"	final	
data/scenes/cafe/dialogue.c:cafe_dialogue_healing_with_music[7]	data/scenes/cafe/dialogue.c	cafe_dialogue_healing_with_music[7]	\nMusic's weird like that.\nWhy does it hold such power\nover our feelings?	"音乐真是很不可思议呢〜。
为什么它能那样
深深触动人的心呢。"	final	
data/scenes/cafe/dialogue.c:cafe_dialogue_keep_trying[0]	data/scenes/cafe/dialogue.c	cafe_dialogue_keep_trying[0]	\nGive it some practice and you'll do\nfine. I'm sure of it!\n\n	"多玩几次的话，
我想你会慢慢抓到诀窍的哦。
"	final	
data/scenes/cafe/dialogue.c:cafe_dialogue_keep_trying[4]	data/scenes/cafe/dialogue.c	cafe_dialogue_keep_trying[4]	\nI'm sure getting into the groove\nof the music will be pretty\nfun all its own.	"同时呢，
你也会越来越享受跟着音乐律动的感觉。
"	final	
data/scenes/cafe/dialogue.c:cafe_dialogue_keep_trying[8]	data/scenes/cafe/dialogue.c	cafe_dialogue_keep_trying[8]	\nTry not to get all worked up out\nthere. Make sure to have a good time.\n\n	"别太较劲啦，
开心玩就好…
"	final	
data/scenes/cafe/dialogue.c:cafe_dialogue_not_practicing_perfect[0]	data/scenes/cafe/dialogue.c	cafe_dialogue_not_practicing_perfect[0]	\nIs that so? My bad, then.\nGuess that's why you shouldn't put\nso much stock in a rumor.	"这样呀。
还跟你聊了些传闻，
真是失礼啦。"	final	
data/scenes/cafe/dialogue.c:cafe_dialogue_not_practicing_perfect[5]	data/scenes/cafe/dialogue.c	cafe_dialogue_not_practicing_perfect[5]	\nEnjoy the games at your own pace,\nalright? See you around.\n\n	"请继续享受游戏哦。
那回头见。
"	final	
data/scenes/cafe/dialogue.c:cafe_dialogue_offbeats[0]	data/scenes/cafe/dialogue.c	cafe_dialogue_offbeats[0]	\nYou've probably heard of something\ncalled an offbeat.\nDo you know what that is?	"说起来，这个世界里常听人说的
“反拍”到底是什么，
你知道吗？"	final	
data/scenes/cafe/dialogue.c:cafe_dialogue_offbeats[11]	data/scenes/cafe/dialogue.c	cafe_dialogue_offbeats[11]	\nWell, the offbeat is supposed to be\nthe exact point right inbetween each\nof your claps.	"那每次拍手和拍手之间，
刚好正中间的那个时机，
听说就叫“反拍”。"	final	
data/scenes/cafe/dialogue.c:cafe_dialogue_offbeats[16]	data/scenes/cafe/dialogue.c	cafe_dialogue_offbeats[16]	\nAt least I think so. I'm not so great at\nexplaining this stuff, but I hope it helps.\nSee you around.	"嗯，大概就是这么回事啦。
讲得随随便便的，真不好意思哦。
那，下回见。"	final	
data/scenes/cafe/dialogue.c:cafe_dialogue_offbeats[5]	data/scenes/cafe/dialogue.c	cafe_dialogue_offbeats[5]	\nI'm no expert myself, but I think\nI've got the jist of it.\n\n	"不过嘛，我其实也没懂得那么多，
所以讲得可能不太靠谱哦。
"	final	
data/scenes/cafe/dialogue.c:cafe_dialogue_offbeats[7]	data/scenes/cafe/dialogue.c	cafe_dialogue_offbeats[7]	\nSo, suppose you're clapping to\nthe beat of some music, right?\n\n	"比如说，
你跟着音乐很自然地拍手，对吧。
"	final	
data/scenes/cafe/dialogue.c:cafe_dialogue_practicing_perfect[0]	data/scenes/cafe/dialogue.c	cafe_dialogue_practicing_perfect[0]	\n...Sorry for yelling. I just got a little\nexcited.\n\n	"抱歉，刚才声音太大了。
我实在是太替你高兴了…
"	final	
data/scenes/cafe/dialogue.c:cafe_dialogue_practicing_perfect[4]	data/scenes/cafe/dialogue.c	cafe_dialogue_practicing_perfect[4]	\nGood luck on getting those Perfects!\nSee you around.\n\n	"Perfect 也要继续加油哦。
那回头见。
"	final	
data/scenes/cafe/dialogue.c:cafe_dialogue_ranks_and_medals[0]	data/scenes/cafe/dialogue.c	cafe_dialogue_ranks_and_medals[0]	\nBy the way, have you ever gotten a\nSuperb rank on a game?\n\n	"说起来，
你有在游戏里拿过
“高水准”这个评价吗？"	final	
data/scenes/cafe/dialogue.c:cafe_dialogue_ranks_and_medals[11]	data/scenes/cafe/dialogue.c	cafe_dialogue_ranks_and_medals[11]	\nThose medals let you unlock\nsome prizes. Sounds like it\nwould be worth your while.	"收集奖牌之后，
就能玩到各种各样的
奖励内容，所以要加油收集哦。"	final	
data/scenes/cafe/dialogue.c:cafe_dialogue_ranks_and_medals[16]	data/scenes/cafe/dialogue.c	cafe_dialogue_ranks_and_medals[16]	\nBut you probably already knew that,\nright? Sorry if I bored you.\nSee you around.	"如果你本来就知道的话，
那我这番话可就有点无聊啦。
不好意思哦，那下回见。
"	final	
data/scenes/cafe/dialogue.c:cafe_dialogue_ranks_and_medals[5]	data/scenes/cafe/dialogue.c	cafe_dialogue_ranks_and_medals[5]	\nThere are three ranks you can get:\nTry Again, OK, and Superb.\n\n	"游戏成绩一共有
“再试一次吧”“平凡”“高水准”这三种哦。
"	final	
data/scenes/cafe/dialogue.c:cafe_dialogue_ranks_and_medals[7]	data/scenes/cafe/dialogue.c	cafe_dialogue_ranks_and_medals[7]	\nAnd, if you get a Superb,\nyou also get a medal.\n\n	"然后呢，只要拿到“高水准”，
就能得到奖牌哦。
"	final	
data/scenes/cafe/dialogue.c:cafe_dialogue_rhythm_sense[0]	data/scenes/cafe/dialogue.c	cafe_dialogue_rhythm_sense[0]	\nBy the way, is a sense of rhythm any\ndifferent for humans?\n\n	"说起来呀，节奏感这种东西，对人类来说究竟意味着什么呢。
"	final	
data/scenes/cafe/dialogue.c:cafe_dialogue_rhythm_sense[10]	data/scenes/cafe/dialogue.c	cafe_dialogue_rhythm_sense[10]	\nMaybe I should try some of those\nrhythm games myself...\n\n	"我也来试着玩玩游戏好了…
"	final	
data/scenes/cafe/dialogue.c:cafe_dialogue_rhythm_sense[3]	data/scenes/cafe/dialogue.c	cafe_dialogue_rhythm_sense[3]	\nWell, not like my rhythm couldn't do with\na bit of work, but...\n\n	"不过像我嘛，
平时倒也不怎么会特意去想这个啦。
"	final	
data/scenes/cafe/dialogue.c:cafe_dialogue_rhythm_sense[7]	data/scenes/cafe/dialogue.c	cafe_dialogue_rhythm_sense[7]	\nWhen your sense of rhythm\nimproves... that has to be\nimproves... that's gotta be\neuphoric, huh?	"不过，节奏感变好了的话，
人应该也会稍微开心一点吧。"	final	
data/scenes/cafe/dialogue.c:cafe_dialogue_rhythm_test[0]	data/scenes/cafe/dialogue.c	cafe_dialogue_rhythm_test[0]	\nSay, have you tried doing the\nRhythm Test again?\n\n	"说起来，
你最近有做“节奏感测试”吗？
"	final	
data/scenes/cafe/dialogue.c:cafe_dialogue_rhythm_test[11]	data/scenes/cafe/dialogue.c	cafe_dialogue_rhythm_test[11]	\nCounting those silent beats...\nIt's tricky, don't you think?\n\n	"要去数空拍这种事，
还真是挺难的呢〜。
"	final	
data/scenes/cafe/dialogue.c:cafe_dialogue_rhythm_test[15]	data/scenes/cafe/dialogue.c	cafe_dialogue_rhythm_test[15]	\nWell, let's take it one step at a time.\nSee you around.\n\n	"不过嘛，就慢慢来吧。
那，下回见。
"	final	
data/scenes/cafe/dialogue.c:cafe_dialogue_rhythm_test[4]	data/scenes/cafe/dialogue.c	cafe_dialogue_rhythm_test[4]	\nI've been giving it a spin lately.\nSeems like 65 points is my limit.\n\n	"我偶尔也会去测，
不过，65 分左右就是我的极限啦……
"	final	
data/scenes/cafe/dialogue.c:cafe_dialogue_rhythm_test[8]	data/scenes/cafe/dialogue.c	cafe_dialogue_rhythm_test[8]	\nThat second test gives me quite\na bit of trouble.\n\n	"那个第二项测试呀，
我怎么也做不好呢。"	final	
data/scenes/cafe/dialogue.c:cafe_dialogue_shouts_cheer[0]	data/scenes/cafe/dialogue.c	cafe_dialogue_shouts_cheer[0]	\0032\001l\0051\0015\n\nGo for it!\0030\001s\0054\0018	加油啊！	final	control codes need review
data/scenes/cafe/dialogue.c:cafe_dialogue_shouts_cheer[16]	data/scenes/cafe/dialogue.c	cafe_dialogue_shouts_cheer[16]	\0032\001l\0051\0015\n\nGive it your all!\0030\001s\0054\0018	冲呀！	final	control codes need review
data/scenes/cafe/dialogue.c:cafe_dialogue_shouts_cheer[27]	data/scenes/cafe/dialogue.c	cafe_dialogue_shouts_cheer[27]	\0032\001l\0051\0015\n\nKeep going!\0030\001s\0054\0018	上啊上啊！	final	control codes need review
data/scenes/cafe/dialogue.c:cafe_dialogue_shouts_cheer[38]	data/scenes/cafe/dialogue.c	cafe_dialogue_shouts_cheer[38]	\0032\001l\0051\0015\n\nGood luck!\0030\001s\0054\0018	祝你好运！	final	control codes need review
data/scenes/cafe/dialogue.c:cafe_dialogue_shouts_cheer[49]	data/scenes/cafe/dialogue.c	cafe_dialogue_shouts_cheer[49]	\0032\001l\0051\0015\n\nI'm impressed!\0030\001s\0054\0018	太让人感动啦！	final	control codes need review
data/scenes/cafe/dialogue.c:cafe_dialogue_shouts_praise[0]	data/scenes/cafe/dialogue.c	cafe_dialogue_shouts_praise[0]	\0032\001l\0051\0015\n\nThat's great!\0030\001s\0054\0018	这也太厉害了吧!!	final	control codes need review
data/scenes/cafe/dialogue.c:cafe_dialogue_shouts_praise[16]	data/scenes/cafe/dialogue.c	cafe_dialogue_shouts_praise[16]	\0032\001l\0051\0015\n\nAmazing!\0030\001s\0054\0018	挺有本事的嘛!!	final	control codes need review
data/scenes/cafe/dialogue.c:cafe_dialogue_shouts_praise[27]	data/scenes/cafe/dialogue.c	cafe_dialogue_shouts_praise[27]	\0032\001l\0051\0015\n\nCongratulations!\0030\001s\0054\0018	恭喜啦!!	final	control codes need review
data/scenes/cafe/dialogue.c:cafe_dialogue_shouts_praise[38]	data/scenes/cafe/dialogue.c	cafe_dialogue_shouts_praise[38]	\0032\001l\0051\0015\n\nGreat job!\0030\001s\0054\0018	干得漂亮!!	final	control codes need review
data/scenes/cafe/dialogue.c:cafe_dialogue_shouts_praise[49]	data/scenes/cafe/dialogue.c	cafe_dialogue_shouts_praise[49]	\0032\001l\0051\0015\n\nI can't believe it!\0030\001s\0054\0018	难以置信!!	final	control codes need review
data/scenes/cafe/dialogue.c:cafe_dialogue_speaking_with_music[0]	data/scenes/cafe/dialogue.c	cafe_dialogue_speaking_with_music[0]	\nI heard you can hold a conversation\nwith only rhythm.\n\n	"说起来，
你知道节奏也能拿来对话吗？
"	final	
data/scenes/cafe/dialogue.c:cafe_dialogue_speaking_with_music[12]	data/scenes/cafe/dialogue.c	cafe_dialogue_speaking_with_music[12]	\nAt least that's what a customer\nonce told me.\nDoesn't that sound fun?	"前阵子来店里的客人
告诉我这件事时，
我就觉得还挺有意思的，不是吗？"	final	
data/scenes/cafe/dialogue.c:cafe_dialogue_speaking_with_music[16]	data/scenes/cafe/dialogue.c	cafe_dialogue_speaking_with_music[16]	\nBut if you had percussive election\nspeeches or bongo arguments...\nExpect a lot of noise. Hahaha!	"不过要是拿鼓来做竞选演说，
或者夫妻俩拿邦戈鼓吵架的话，
感觉会吵得不得了呢。哈哈哈。"	final	
data/scenes/cafe/dialogue.c:cafe_dialogue_speaking_with_music[4]	data/scenes/cafe/dialogue.c	cafe_dialogue_speaking_with_music[4]	\nYou can put words and meanings\nbehind different rhythms, like morse\ncode, and talk without speaking.	"就是把不同的节奏型
对应成话语和含义，
然后用来交流的样子哦。
"	final	
data/scenes/cafe/dialogue.c:cafe_dialogue_speaking_with_music[7]	data/scenes/cafe/dialogue.c	cafe_dialogue_speaking_with_music[7]	\nLike, bang out a message into one\nof those taiko drums, and you could\ncommunicate acres apart.	"听说他们会用响亮的鼓声
打出节奏，跟远处的人
交流哦。"	final	
data/scenes/game_select/levels.inc.c:level_air_batter_1	data/scenes/game_select/levels.inc.c	level_air_batter_1	Spaceball	空中击球手	final	
data/scenes/game_select/levels.inc.c:level_air_batter_1_desc	data/scenes/game_select/levels.inc.c	level_air_batter_1_desc	Ignore the camera's\nzooms! Make the ball\nzoom away! Don't blink!\nDon't wipe your tears!	"别在意镜头缩放！
用心去击球！
不要依赖视觉！
大胆上吧～！"	final	
data/scenes/game_select/levels.inc.c:level_air_batter_1_result_1	data/scenes/game_select/levels.inc.c	level_air_batter_1_result_1	Can I have my ball back? I'll give you my last rice ball...	就这样，请饶了我吧。	final	
data/scenes/game_select/levels.inc.c:level_air_batter_1_result_2	data/scenes/game_select/levels.inc.c	level_air_batter_1_result_2	Must... train... harder...	朝着更高处继续练吧！	final	
data/scenes/game_select/levels.inc.c:level_air_batter_1_result_3	data/scenes/game_select/levels.inc.c	level_air_batter_1_result_3	"I won first \""space\""!"	我居然拿到这个啦ー！	final	
data/scenes/game_select/levels.inc.c:level_air_batter_2	data/scenes/game_select/levels.inc.c	level_air_batter_2	Spaceball 2	空中击球手２	final	
data/scenes/game_select/levels.inc.c:level_air_batter_2_desc	data/scenes/game_select/levels.inc.c	level_air_batter_2_desc	Ignore the camera's\nzooms! Just believe\nin yourself and\nsend the ball flying!	"别在意镜头缩放！
用心去击球！
不要依赖视觉！
眼泪也别擦啦～！"	final	
data/scenes/game_select/levels.inc.c:level_air_batter_2_result_1	data/scenes/game_select/levels.inc.c	level_air_batter_2_result_1	Next time, swing your bat somewhere else!	你在干什么啦！	final	
data/scenes/game_select/levels.inc.c:level_air_batter_2_result_2	data/scenes/game_select/levels.inc.c	level_air_batter_2_result_2	I can't give up now!	怎么能在这里结束！	final	
data/scenes/game_select/levels.inc.c:level_air_batter_2_result_3	data/scenes/game_select/levels.inc.c	level_air_batter_2_result_3	Guys, guys, look at what I've won!	大家快看快看ー！	final	
data/scenes/game_select/levels.inc.c:level_air_batter_extra	data/scenes/game_select/levels.inc.c	level_air_batter_extra	Spaceball	空中击球手	draft	
data/scenes/game_select/levels.inc.c:level_air_batter_extra_desc	data/scenes/game_select/levels.inc.c	level_air_batter_extra_desc	Ignore the camera's\nzooms! Make the ball\nzoom away! Don't fall\nbehind! Let it fly!	"别在意镜头缩放！
用心去击球！
不要依赖视觉，把球打飞吧～！"	draft	
data/scenes/game_select/levels.inc.c:level_air_batter_extra_result_1	data/scenes/game_select/levels.inc.c	level_air_batter_extra_result_1	Ahhh! Nooooooo!	哇，不行啊～！	draft	
data/scenes/game_select/levels.inc.c:level_air_batter_extra_result_2	data/scenes/game_select/levels.inc.c	level_air_batter_extra_result_2	Graaaah!	耶。	draft	
data/scenes/game_select/levels.inc.c:level_air_batter_extra_result_3	data/scenes/game_select/levels.inc.c	level_air_batter_extra_result_3	A home run! I did it!	成功啦——！！	draft	
data/scenes/game_select/levels.inc.c:level_baikin_1	data/scenes/game_select/levels.inc.c	level_baikin_1	Sick Beats	细菌博士	final	
data/scenes/game_select/levels.inc.c:level_baikin_1_result_1	data/scenes/game_select/levels.inc.c	level_baikin_1_result_1	Our experiment has failed...	研究失败了。	final	
data/scenes/game_select/levels.inc.c:level_baikin_1_result_2	data/scenes/game_select/levels.inc.c	level_baikin_1_result_2	Failure is just the first step to success!	或许失败乃成功之母呢！	final	
data/scenes/game_select/levels.inc.c:level_baikin_1_result_3	data/scenes/game_select/levels.inc.c	level_baikin_1_result_3	We've created breakthrough medicine!	研制出了超级厉害的药剂！！	final	
data/scenes/game_select/levels.inc.c:level_bari_1	data/scenes/game_select/levels.inc.c	level_bari_1	The Snappy Trio	帅气帅气三人组	final	
data/scenes/game_select/levels.inc.c:level_bari_1_desc	data/scenes/game_select/levels.inc.c	level_bari_1_desc	Look at the trio in their\nWestern outfits!\nSo cool! Dare we say\nthey look... snappy?	"原本穿着随意的他们
这次换上了
一身笔挺西装！
太帅了！！"	final	
data/scenes/game_select/levels.inc.c:level_bari_1_result_1	data/scenes/game_select/levels.inc.c	level_bari_1_result_1	I spent everything I had on this outfit!	呀啊！饶了我吧！！	final	
data/scenes/game_select/levels.inc.c:level_bon_dance_1	data/scenes/game_select/levels.inc.c	level_bon_dance_1	The☆Bon Dance	盆舞	final	
data/scenes/game_select/levels.inc.c:level_bon_dance_1_desc	data/scenes/game_select/levels.inc.c	level_bon_dance_1_desc	The Bon Festival has\na modern-day style!\nClap along to this\nnew arrangement!	"这是现代版的
盂兰盆舞！
超带感哦！
耶！"	final	
data/scenes/game_select/levels.inc.c:level_bon_dance_1_result_1	data/scenes/game_select/levels.inc.c	level_bon_dance_1_result_1	It's over...	别再跳了…	final	
data/scenes/game_select/levels.inc.c:level_bon_dance_1_result_2	data/scenes/game_select/levels.inc.c	level_bon_dance_1_result_2	When did it start raining?	嗯，开始下雨了。	final	
data/scenes/game_select/levels.inc.c:level_bon_dance_1_result_3	data/scenes/game_select/levels.inc.c	level_bon_dance_1_result_3	Our new Bon Dance is a lot of fun!	盆舞真的太有意思了！	final	
data/scenes/game_select/levels.inc.c:level_bon_odori_1	data/scenes/game_select/levels.inc.c	level_bon_odori_1	The☆Bon Odori	The☆盂兰盆舞	final	
data/scenes/game_select/levels.inc.c:level_bon_odori_1_desc	data/scenes/game_select/levels.inc.c	level_bon_odori_1_desc	Let's celebrate the\nJapanese Bon Festival!\nClap along as they sing\ntheir traditional song!	"跟着盂兰盆舞的
歌声，
“啪”地
拍手吧。"	final	
data/scenes/game_select/levels.inc.c:level_bon_odori_1_result_1	data/scenes/game_select/levels.inc.c	level_bon_odori_1_result_1	I feel so cold...	变冷了呢…	final	
data/scenes/game_select/levels.inc.c:level_bon_odori_1_result_2	data/scenes/game_select/levels.inc.c	level_bon_odori_1_result_2	Oh... the quaint fizzle of a sparkler...	手持烟花，总让人有点伤感呢。	final	
data/scenes/game_select/levels.inc.c:level_bon_odori_1_result_3	data/scenes/game_select/levels.inc.c	level_bon_odori_1_result_3	That was so much fun! I can't wait for next year!	啊，太有趣了！	final	
data/scenes/game_select/levels.inc.c:level_cafe_counsel_desc	data/scenes/game_select/levels.inc.c	level_cafe_counsel_desc	How are you feeling?\nIf something's on your\nmind, feel free to\ncome and talk.	"最近状态怎么样？
要是有什么在意的事，

就来这里
聊一聊吧。"	final	
data/scenes/game_select/levels.inc.c:level_cosmo_dance_1	data/scenes/game_select/levels.inc.c	level_cosmo_dance_1	Cosmic Dance	宇宙之舞	final	
data/scenes/game_select/levels.inc.c:level_cosmo_dance_1_desc	data/scenes/game_select/levels.inc.c	level_cosmo_dance_1_desc	These paragons of\ndancing have mastered\ntheir zero-G moves\nand want to show off!	"代表宇宙的
舞者们！
那种利落动作
让人完全移不开眼呀！！"	final	
data/scenes/game_select/levels.inc.c:level_cosmo_dance_1_result_1	data/scenes/game_select/levels.inc.c	level_cosmo_dance_1_result_1	We cannot go on like THIS!	完、完蛋啦ー！！	final	
data/scenes/game_select/levels.inc.c:level_cosmo_dance_1_result_2	data/scenes/game_select/levels.inc.c	level_cosmo_dance_1_result_2	Is that the best you guys can do?	你们就只有这点本事吗？	final	
data/scenes/game_select/levels.inc.c:level_cosmo_dance_1_result_3	data/scenes/game_select/levels.inc.c	level_cosmo_dance_1_result_3	All aboard... for SPACE!	我们可是超级宇宙明星啊！！	final	
data/scenes/game_select/levels.inc.c:level_drum_lessons	data/scenes/game_select/levels.inc.c	level_drum_lessons	Drum Lessons	击鼓课程	final	
data/scenes/game_select/levels.inc.c:level_drum_lessons_desc	data/scenes/game_select/levels.inc.c	level_drum_lessons_desc	Collect medals to take\nsome Drum Lessons.\nYou could become\na master drummer!	"收集奖牌，
去上击鼓课程吧。
要变得更厉害哦！"	final	
data/scenes/game_select/levels.inc.c:level_games	data/scenes/game_select/levels.inc.c	level_games	Endless Games	无尽游戏	final	
data/scenes/game_select/levels.inc.c:level_games_desc	data/scenes/game_select/levels.inc.c	level_games_desc	Collect medals to\nunlock special\nEndless Games!\nCheck them out!	"收集奖牌，
去挑战特别游戏吧！
有好几个哦。"	final	
data/scenes/game_select/levels.inc.c:level_hanabi_1	data/scenes/game_select/levels.inc.c	level_hanabi_1	Fireworks	烟火	final	
data/scenes/game_select/levels.inc.c:level_hanabi_1_result_1	data/scenes/game_select/levels.inc.c	level_hanabi_1_result_1	Cough, cough... I think I blew it...	咳咳咳… 失败。	final	
data/scenes/game_select/levels.inc.c:level_hanabi_1_result_2	data/scenes/game_select/levels.inc.c	level_hanabi_1_result_2	That wasn't half bad!	做得相当不错嘛！	final	
data/scenes/game_select/levels.inc.c:level_hanabi_1_result_3	data/scenes/game_select/levels.inc.c	level_hanabi_1_result_3	I am THE go-to fireworks guy!	说到烟火就交给我吧！！	final	
data/scenes/game_select/levels.inc.c:level_hopping_1	data/scenes/game_select/levels.inc.c	level_hopping_1	Bouncy Road	跳杆之路	final	
data/scenes/game_select/levels.inc.c:level_hopping_1_desc	data/scenes/game_select/levels.inc.c	level_hopping_1_desc	See that ball bouncing\ndown the road?\nYou wouldn't want to\nlet it fall...would you?	"飞过来的圆球，
那可是好东西，
千万别漏接哦！"	final	
data/scenes/game_select/levels.inc.c:level_hopping_1_result_1	data/scenes/game_select/levels.inc.c	level_hopping_1_result_1	Ow! That was hard...	还挺有难度啊ー！	final	
data/scenes/game_select/levels.inc.c:level_hopping_1_result_2	data/scenes/game_select/levels.inc.c	level_hopping_1_result_2	Nice combo!	刚才这些配合还挺厉害呢！	final	
data/scenes/game_select/levels.inc.c:level_hopping_1_result_3	data/scenes/game_select/levels.inc.c	level_hopping_1_result_3	Where's the challenge?	简单 简单♪	final	
data/scenes/game_select/levels.inc.c:level_hopping_2	data/scenes/game_select/levels.inc.c	level_hopping_2	Bouncy Road 2	跳杆之路２	final	
data/scenes/game_select/levels.inc.c:level_hopping_2_desc	data/scenes/game_select/levels.inc.c	level_hopping_2_desc	See that ball bouncing\ndown the road?\nIt's such a nice ball,\nso don't let it fall!	"飞过来的圆球。
那真的是个
好东西哟～。
可别漏接哦！"	final	
data/scenes/game_select/levels.inc.c:level_hopping_2_result_1	data/scenes/game_select/levels.inc.c	level_hopping_2_result_1	Ow! We failed!	呜哇！搞砸了！！	final	
data/scenes/game_select/levels.inc.c:level_hopping_2_result_2	data/scenes/game_select/levels.inc.c	level_hopping_2_result_2	We're working our hardest!	你刚才已经相当努力了呢！	final	
data/scenes/game_select/levels.inc.c:level_hopping_2_result_3	data/scenes/game_select/levels.inc.c	level_hopping_2_result_3	Easy come, easy go.	轻松 轻松♪	final	
data/scenes/game_select/levels.inc.c:level_iai_1	data/scenes/game_select/levels.inc.c	level_iai_1	Samurai Slice	居合斩	final	
data/scenes/game_select/levels.inc.c:level_iai_1_desc	data/scenes/game_select/levels.inc.c	level_iai_1_desc	Demons have put\nthe town in a panic!\nCome on, Samurai--\nslice them all!	"闪开 闪开，
那群家伙来了。
你身为武士，
格杀勿论！"	final	
data/scenes/game_select/levels.inc.c:level_iai_1_result_1	data/scenes/game_select/levels.inc.c	level_iai_1_result_1	I've broken my blade!	刀刃崩口了！	final	
data/scenes/game_select/levels.inc.c:level_iai_1_result_2	data/scenes/game_select/levels.inc.c	level_iai_1_result_2	I shall push myself harder!	仍需继续磨练！	final	
data/scenes/game_select/levels.inc.c:level_iai_1_result_3	data/scenes/game_select/levels.inc.c	level_iai_1_result_3	Have you ever seen a sword this sharp?	这锋利度，简直棒极了！！	final	
data/scenes/game_select/levels.inc.c:level_karate_1	data/scenes/game_select/levels.inc.c	level_karate_1	Karate Man	空手道家	final	
data/scenes/game_select/levels.inc.c:level_karate_1_desc	data/scenes/game_select/levels.inc.c	level_karate_1_desc	The key to karate,\nlike all things, is rhythm.\nNow, let us throw some\nstuff for you to punch.	"向飞来的东西
按A键出拳！
很常见的游戏？
……也许吧。"	final	
data/scenes/game_select/levels.inc.c:level_karate_1_result_1	data/scenes/game_select/levels.inc.c	level_karate_1_result_1	I can always try again tomorrow...	没关系，还有明天。	final	
data/scenes/game_select/levels.inc.c:level_karate_1_result_2	data/scenes/game_select/levels.inc.c	level_karate_1_result_2	Time for a lunch break!	总之，先吃饭吧！	final	
data/scenes/game_select/levels.inc.c:level_karate_1_result_3	data/scenes/game_select/levels.inc.c	level_karate_1_result_3	Look at all this stuff I punched away!	居然打飞了这么多！！	final	
data/scenes/game_select/levels.inc.c:level_karate_2	data/scenes/game_select/levels.inc.c	level_karate_2	Karate Man 2	空手道家２	final	
data/scenes/game_select/levels.inc.c:level_karate_2_desc	data/scenes/game_select/levels.inc.c	level_karate_2_desc	Something's up with\nthe speed! Stay sharp\nas we throw you some\nmore stuff to punch.	"向飞来的东西
按A键出拳！
不过，这速度
有点古怪哦。"	final	
data/scenes/game_select/levels.inc.c:level_karate_2_result_1	data/scenes/game_select/levels.inc.c	level_karate_2_result_1	What's the point of these speed changes, anyway!?	这节奏是什么鬼啊—！！	final	
data/scenes/game_select/levels.inc.c:level_karate_2_result_2	data/scenes/game_select/levels.inc.c	level_karate_2_result_2	Well, that's that. Let's eat!	嘛，先不管那些。来吃饭吧！	final	
data/scenes/game_select/levels.inc.c:level_karate_2_result_3	data/scenes/game_select/levels.inc.c	level_karate_2_result_3	I think we've gone through everything!	差不多就是这样啦——！！	final	
data/scenes/game_select/levels.inc.c:level_karate_extra	data/scenes/game_select/levels.inc.c	level_karate_extra	Karate Man	空手道家	draft	
data/scenes/game_select/levels.inc.c:level_karate_extra_desc	data/scenes/game_select/levels.inc.c	level_karate_extra_desc	We've increased the\nspeed! Do your best,\nas we throw some more\nstuff for you to punch.	"向飞来的东西 按A键出拳！
用干劲和气势把它们打飞吧！"	draft	
data/scenes/game_select/levels.inc.c:level_karate_extra_result_1	data/scenes/game_select/levels.inc.c	level_karate_extra_result_1	The tournament didn't go so well...	比赛当天表现不太行。	draft	
data/scenes/game_select/levels.inc.c:level_karate_extra_result_2	data/scenes/game_select/levels.inc.c	level_karate_extra_result_2	I may not have won, but I did really well!	比赛当天，感觉还挺不错的！	draft	
data/scenes/game_select/levels.inc.c:level_karate_extra_result_3	data/scenes/game_select/levels.inc.c	level_karate_extra_result_3	I won the tournament and took home the gold!	比赛当天夺冠了！！	draft	
data/scenes/game_select/levels.inc.c:level_live	data/scenes/game_select/levels.inc.c	level_live	Concert	现场演出	final	
data/scenes/game_select/levels.inc.c:level_live_desc	data/scenes/game_select/levels.inc.c	level_live_desc	We're hosting a\nconcert! You've got\ngood rhythm, right?\nSo give it a try!	"要登台演出啦！
我觉得你的节奏感
已经很不错了，
放轻松就好～ "	final	
data/scenes/game_select/levels.inc.c:level_live_result_1	data/scenes/game_select/levels.inc.c	level_live_result_1	"The cleaner says... \""I know you can do it, keep at it!\"""	阿姨：“下次再加油呀！”	final	
data/scenes/game_select/levels.inc.c:level_live_result_2	data/scenes/game_select/levels.inc.c	level_live_result_2	"The owner says... \""You've got great skills, you know!\"""	老板：“你啊，还挺有天分哦”	final	
data/scenes/game_select/levels.inc.c:level_live_result_3	data/scenes/game_select/levels.inc.c	level_live_result_3	"The producer says... \""You should play at our place, too!\"""	制作人：“要不要来我们这边试试？”	final	
data/scenes/game_select/levels.inc.c:level_mahoutsukai_1	data/scenes/game_select/levels.inc.c	level_mahoutsukai_1	Wizard's Waltz	魔法使	final	
data/scenes/game_select/levels.inc.c:level_mahoutsukai_1_desc	data/scenes/game_select/levels.inc.c	level_mahoutsukai_1_desc	There's a lonely girl\nover there. Put your\nflower power to good\nuse and cheer her up!	"你是一位魔法使。
给那个怕寂寞的
小姑娘送上一朵花吧。"	final	
data/scenes/game_select/levels.inc.c:level_mahoutsukai_1_result_1	data/scenes/game_select/levels.inc.c	level_mahoutsukai_1_result_1	... I'm scared!	这种我不要啦〜，好可怕呀〜！	final	
data/scenes/game_select/levels.inc.c:level_mahoutsukai_1_result_2	data/scenes/game_select/levels.inc.c	level_mahoutsukai_1_result_2	These will look SO lovely when they bloom!	要是能开出更多花，我会更开心呀〜。	final	
data/scenes/game_select/levels.inc.c:level_mahoutsukai_1_result_3	data/scenes/game_select/levels.inc.c	level_mahoutsukai_1_result_3	Who could feel lonely with all these flowers?	哇ー！我已经不寂寞啦！	final	
data/scenes/game_select/levels.inc.c:level_marcha_1	data/scenes/game_select/levels.inc.c	level_marcha_1	Marching Orders	行军	final	
data/scenes/game_select/levels.inc.c:level_marcha_1_desc	data/scenes/game_select/levels.inc.c	level_marcha_1_desc	Ready, march! Following\norders as a unit builds\nyour camaraderie.\nAlso, rhythm.	"现在开始行进。
擅自行动可是会
毁掉整个队伍的！
好好努力吧。"	final	
data/scenes/game_select/levels.inc.c:level_marcha_1_result_1	data/scenes/game_select/levels.inc.c	level_marcha_1_result_1	Wait! You left without us!	哇啊！被丢下啦！	final	
data/scenes/game_select/levels.inc.c:level_marcha_1_result_2	data/scenes/game_select/levels.inc.c	level_marcha_1_result_2	Today's mission: Cleaning. 	今天的任务，是打扫卫生哦♪	final	
data/scenes/game_select/levels.inc.c:level_marcha_1_result_3	data/scenes/game_select/levels.inc.c	level_marcha_1_result_3	Mission success! We rescued the alien!	拯救外星人大成功！！	final	
data/scenes/game_select/levels.inc.c:level_marcha_2	data/scenes/game_select/levels.inc.c	level_marcha_2	Marching Orders 2	行军２	final	
data/scenes/game_select/levels.inc.c:level_marcha_2_desc	data/scenes/game_select/levels.inc.c	level_marcha_2_desc	Ready, march!\nThis mission requires\nfinesse and technique,\nso march your best!	"现在开始行进。
这次的动作
有点复杂！
好好努力吧。"	final	
data/scenes/game_select/levels.inc.c:level_marcha_2_result_1	data/scenes/game_select/levels.inc.c	level_marcha_2_result_1	This is unacceptable...	这、这样可不行！唔〜嗯…	final	
data/scenes/game_select/levels.inc.c:level_marcha_2_result_2	data/scenes/game_select/levels.inc.c	level_marcha_2_result_2	I know we can perform better than that!	唔！舞步还得更帅才行！	final	
data/scenes/game_select/levels.inc.c:level_marcha_2_result_3	data/scenes/game_select/levels.inc.c	level_marcha_2_result_3	Now THIS is a reward!	我居然还拿到了这种奖励！！	final	
data/scenes/game_select/levels.inc.c:level_marcha_extra	data/scenes/game_select/levels.inc.c	level_marcha_extra	Marching Orders	行军	draft	
data/scenes/game_select/levels.inc.c:level_marcha_extra_desc	data/scenes/game_select/levels.inc.c	level_marcha_extra_desc	Ready, march!\nThis mission will require\nquick marching, so stay\nfocused!	"现在开始行进。
这次需要非常迅速地做出判断。
好好努力吧。"	draft	
data/scenes/game_select/levels.inc.c:level_marcha_extra_result_1	data/scenes/game_select/levels.inc.c	level_marcha_extra_result_1	MONSTER! Retreat! Retreat!	撤退！撤退啦！！	draft	
data/scenes/game_select/levels.inc.c:level_marcha_extra_result_2	data/scenes/game_select/levels.inc.c	level_marcha_extra_result_2	Ah, there's the lost puppy!	啊，发现走失的小朋友了！	draft	
data/scenes/game_select/levels.inc.c:level_marcha_extra_result_3	data/scenes/game_select/levels.inc.c	level_marcha_extra_result_3	We rescued the lost puppy! Hooray!	救到走失的小朋友啦！太好了！！	draft	
data/scenes/game_select/levels.inc.c:level_night_1	data/scenes/game_select/levels.inc.c	level_night_1	Night Walk	夜空漫步	final	
data/scenes/game_select/levels.inc.c:level_night_1_desc	data/scenes/game_select/levels.inc.c	level_night_1_desc	What's better than a\nstroll in the starlight?\nHow about a series of\njumps in the starlight?	"跟着音乐一起
尽情跳起来！
星星聚集，
你也奔向夜空…"	final	
data/scenes/game_select/levels.inc.c:level_night_1_result_1	data/scenes/game_select/levels.inc.c	level_night_1_result_1	Didn't see that hole in the dark!	下一次可要再加把劲喔…	final	
data/scenes/game_select/levels.inc.c:level_night_1_result_2	data/scenes/game_select/levels.inc.c	level_night_1_result_2	Nothing like a stroll at night.	在夜空下散步，真开心呀。	final	
data/scenes/game_select/levels.inc.c:level_night_1_result_3	data/scenes/game_select/levels.inc.c	level_night_1_result_3	You followed us up here!	星星们正在欢迎你哦！	final	
data/scenes/game_select/levels.inc.c:level_night_2	data/scenes/game_select/levels.inc.c	level_night_2	Night Walk 2	夜空漫步２	final	
data/scenes/game_select/levels.inc.c:level_night_2_desc	data/scenes/game_select/levels.inc.c	level_night_2_desc	Time to jump in the\nstarlight again!\nKeep a look out\nfor the electric fish.	"跟着音乐节拍
尽情跳起来！
遇到电击鱼
可要小心哦。"	final	
data/scenes/game_select/levels.inc.c:level_night_2_result_1	data/scenes/game_select/levels.inc.c	level_night_2_result_1	No! You fell!	哇呀——！失败了！！	final	
data/scenes/game_select/levels.inc.c:level_night_2_result_2	data/scenes/game_select/levels.inc.c	level_night_2_result_2	The night breeze feels so cool...	夜晚的风吹起来可真舒服呀。	final	
data/scenes/game_select/levels.inc.c:level_night_2_result_3	data/scenes/game_select/levels.inc.c	level_night_2_result_3	You made friends with the stars!	你已经跟星星们成好朋友啦！	final	
data/scenes/game_select/levels.inc.c:level_ninja_1	data/scenes/game_select/levels.inc.c	level_ninja_1	Ninja Bodyguard	忍者	final	
data/scenes/game_select/levels.inc.c:level_ninja_1_desc	data/scenes/game_select/levels.inc.c	level_ninja_1_desc	An enemy is attacking\nyour lord! Block the\narrows with your sword\nusing  and !	"敌人来袭！
用十字键与 A 键迎战！
富士山！！"	final	
data/scenes/game_select/levels.inc.c:level_ninja_1_result_1	data/scenes/game_select/levels.inc.c	level_ninja_1_result_1	My lord has fainted! Nooooo!	啊呀！主公昏倒了！！	final	
data/scenes/game_select/levels.inc.c:level_ninja_1_result_2	data/scenes/game_select/levels.inc.c	level_ninja_1_result_2	I cannot apologize enough, my lord!	主公！对不起啊〜。	final	
data/scenes/game_select/levels.inc.c:level_ninja_1_result_3	data/scenes/game_select/levels.inc.c	level_ninja_1_result_3	Not a scratch! He said I'm admirable!	被人夸干得漂亮啦！！	final	
data/scenes/game_select/levels.inc.c:level_ninja_2	data/scenes/game_select/levels.inc.c	level_ninja_2	Ninja Descendant	忍者的后代	final	
data/scenes/game_select/levels.inc.c:level_ninja_2_desc	data/scenes/game_select/levels.inc.c	level_ninja_2_desc	You know, my family's\nancestors came from\na long lineage of ninjas.\nCool, right?	"我爷爷的
爷爷的
爷爷啊，
可是忍者呢。"	final	
data/scenes/game_select/levels.inc.c:level_ninja_2_result_1	data/scenes/game_select/levels.inc.c	level_ninja_2_result_1	You can't give up! She's counting on you!	别输啊！就指望你了ー！！	final	
data/scenes/game_select/levels.inc.c:level_ninja_2_result_2	data/scenes/game_select/levels.inc.c	level_ninja_2_result_2	You are... strong. Don't give up yet.	嗯，底子不错嘛。加油！	final	
data/scenes/game_select/levels.inc.c:level_ninja_2_result_3	data/scenes/game_select/levels.inc.c	level_ninja_2_result_3	You have proven your worth! You have our blessing...	你很强。祝你幸福…！	final	
data/scenes/game_select/levels.inc.c:level_pachi_1	data/scenes/game_select/levels.inc.c	level_pachi_1	The Clappy Trio	啪叽啪叽三人组	final	
data/scenes/game_select/levels.inc.c:level_pachi_1_desc	data/scenes/game_select/levels.inc.c	level_pachi_1_desc	Clap your hands in\norder! You're the third\nclapper. Keep an eye\non the other two!	"我们要依次拍手哦！
你排在第３个。
仔细看好前面两人！"	final	
data/scenes/game_select/levels.inc.c:level_pachi_1_result_1	data/scenes/game_select/levels.inc.c	level_pachi_1_result_1	The trio just went solo!	同伴都走啦！	final	
data/scenes/game_select/levels.inc.c:level_pachi_1_result_2	data/scenes/game_select/levels.inc.c	level_pachi_1_result_2	You need to make it to more of our practice sessions...	现在就满足，可能还早了点呢。	final	
data/scenes/game_select/levels.inc.c:level_pachi_1_result_3	data/scenes/game_select/levels.inc.c	level_pachi_1_result_3	Trio-riffic!	这三人组，配合也太默契啦！！	final	
data/scenes/game_select/levels.inc.c:level_pachi_extra	data/scenes/game_select/levels.inc.c	level_pachi_extra	The Clappy Trio	啪叽啪叽三人组	draft	
data/scenes/game_select/levels.inc.c:level_pachi_extra_desc	data/scenes/game_select/levels.inc.c	level_pachi_extra_desc	Clap your hands in\norder! You're the third\nclapper. Watch out\nfor your fast friends!	"我们要依次拍手哦！
你排在第３个。
仔细看好前面两人再拍哦！"	draft	
data/scenes/game_select/levels.inc.c:level_pachi_extra_result_1	data/scenes/game_select/levels.inc.c	level_pachi_extra_result_1	Wait! Don't leave without us!	哦～！	draft	
data/scenes/game_select/levels.inc.c:level_pachi_extra_result_2	data/scenes/game_select/levels.inc.c	level_pachi_extra_result_2	This is one nice space cruise!	愉快的太空巡航。	draft	
data/scenes/game_select/levels.inc.c:level_pachi_extra_result_3	data/scenes/game_select/levels.inc.c	level_pachi_extra_result_3	I've discovered a new planet! Stellar!	第一个到达未知星球！伟业！！	draft	
data/scenes/game_select/levels.inc.c:level_poly_1	data/scenes/game_select/levels.inc.c	level_poly_1	Polyrhythm	复合节奏	final	
data/scenes/game_select/levels.inc.c:level_poly_1_desc	data/scenes/game_select/levels.inc.c	level_poly_1_desc	Manage the  and \npaths at the same time\nto keep those red rods\nrolling! Simple enough?	"掌握十字键与A键同时按下的诀窍！
其实挺简单的。大概吧……"	final	
data/scenes/game_select/levels.inc.c:level_poly_1_result_1	data/scenes/game_select/levels.inc.c	level_poly_1_result_1	Producing these red rods is harder than I thought...	这红色小东西，想实现大规模量产真是相当困难啊…	final	
data/scenes/game_select/levels.inc.c:level_poly_1_result_2	data/scenes/game_select/levels.inc.c	level_poly_1_result_2	Still getting the hang of making these red rods.	源源不断地生产红色小东西吧！	final	
data/scenes/game_select/levels.inc.c:level_poly_1_result_3	data/scenes/game_select/levels.inc.c	level_poly_1_result_3	We've produced more red rods than we can stock!	可真是一个劲儿地猛造红色小东西啊！！	final	
data/scenes/game_select/levels.inc.c:level_poly_2	data/scenes/game_select/levels.inc.c	level_poly_2	Polyrhythm 2	复合节奏２	final	
data/scenes/game_select/levels.inc.c:level_poly_2_desc	data/scenes/game_select/levels.inc.c	level_poly_2_desc	The left and right paths\nhave unique patterns!\nMind the tempo and\nplay to the polyrhythm!	"这就是左右分控！
跟着节奏完成操作，
来吧，复合节奏！
耶——！"	final	
data/scenes/game_select/levels.inc.c:level_poly_2_result_1	data/scenes/game_select/levels.inc.c	level_poly_2_result_1	We need to produce a whole lot more red rods...	红色小东西，还得再多生产点才行…	final	
data/scenes/game_select/levels.inc.c:level_poly_2_result_2	data/scenes/game_select/levels.inc.c	level_poly_2_result_2	Producing more red rods wouldn't hurt!	再多一点 再多一点，继续生产红色小东西！	final	
data/scenes/game_select/levels.inc.c:level_poly_2_result_3	data/scenes/game_select/levels.inc.c	level_poly_2_result_3	Red rod production is at an all time high!	红色小东西要铺天盖地大规模量产咯！！	final	
data/scenes/game_select/levels.inc.c:level_quiz_1	data/scenes/game_select/levels.inc.c	level_quiz_1	Quiz Show	节奏问答	final	
data/scenes/game_select/levels.inc.c:level_quiz_1_desc	data/scenes/game_select/levels.inc.c	level_quiz_1_desc	Play a quiz where you\ncopy the host's pattern.\nSeems simple, right?\nSimple, but not easy.	"这是个很简单的问答，
只要猜中主持人
“敲了几下”
就可以啦。"	final	
data/scenes/game_select/levels.inc.c:level_quiz_1_result_3	data/scenes/game_select/levels.inc.c	level_quiz_1_result_3	I won the grand prize! A world tour!	我居然赢得了环球旅行！	final	
data/scenes/game_select/levels.inc.c:level_rap_men_1	data/scenes/game_select/levels.inc.c	level_rap_men_1	RAPMEN	饶舌男	final	
data/scenes/game_select/levels.inc.c:level_rap_men_1_desc	data/scenes/game_select/levels.inc.c	level_rap_men_1_desc	The coolest rapping\nduo has arrived! Their\nhot rapping skills are\nthe talk of the town!	"一对超酷的搭档
登场啦！
火热的 Rap
让人兴奋到不行！"	final	
data/scenes/game_select/levels.inc.c:level_rap_men_1_result_1	data/scenes/game_select/levels.inc.c	level_rap_men_1_result_1	We need more practice...	我们这样也太土了吧…	final	
data/scenes/game_select/levels.inc.c:level_rap_men_1_result_2	data/scenes/game_select/levels.inc.c	level_rap_men_1_result_2	I think our tone was off.	啧。总觉得状态不太对啊。	final	
data/scenes/game_select/levels.inc.c:level_rap_men_1_result_3	data/scenes/game_select/levels.inc.c	level_rap_men_1_result_3	We're looking forward to hearing from you again!	以后也请多多关照啦ー！！	final	
data/scenes/game_select/levels.inc.c:level_rap_women_1	data/scenes/game_select/levels.inc.c	level_rap_women_1	RAPWOMEN	饶舌女	final	
data/scenes/game_select/levels.inc.c:level_rap_women_1_desc	data/scenes/game_select/levels.inc.c	level_rap_women_1_desc	The RAPMEN have\nsome new rivals!\nDon't be deceived\nby their cute voices!	"那群饶舌男的
对手登场啦！
这可爱嗓音
简直让人神魂颠倒！"	final	
data/scenes/game_select/levels.inc.c:level_rap_women_1_result_1	data/scenes/game_select/levels.inc.c	level_rap_women_1_result_1	No... This isn't right.	不是这种感觉啦…	final	
data/scenes/game_select/levels.inc.c:level_rap_women_1_result_2	data/scenes/game_select/levels.inc.c	level_rap_women_1_result_2	I know we can rap better than this!	总觉得还是差了那么一点点…！	final	
data/scenes/game_select/levels.inc.c:level_rap_women_1_result_3	data/scenes/game_select/levels.inc.c	level_rap_women_1_result_3	Yes, yes, YES! We've got it!	对对对，就是这个就是这个啦ー！！耶ー咿！	final	
data/scenes/game_select/levels.inc.c:level_ratt_1	data/scenes/game_select/levels.inc.c	level_ratt_1	Rat Race	蹑鼠蹑脚	final	
data/scenes/game_select/levels.inc.c:level_ratt_1_desc	data/scenes/game_select/levels.inc.c	level_ratt_1_desc	You are a rat. She is\na cat. You love cheese.\nAll the ingredients of a\ntense encounter.	"你是一只老鼠。
朝着最爱的奶酪
前进吧，
Stop & Go！！"	final	
data/scenes/game_select/levels.inc.c:level_ratt_1_result_1	data/scenes/game_select/levels.inc.c	level_ratt_1_result_1	I guess we could try to eat the plate...	我想吃奶酪呀～…	final	
data/scenes/game_select/levels.inc.c:level_ratt_1_result_2	data/scenes/game_select/levels.inc.c	level_ratt_1_result_2	You know, I really like cheese. Like, a LOT.	奶酪真好吃呀。	final	
data/scenes/game_select/levels.inc.c:level_ratt_1_result_3	data/scenes/game_select/levels.inc.c	level_ratt_1_result_3	We'll have to start a family to eat all this!	大家都吃到了，太好啦！	final	
data/scenes/game_select/levels.inc.c:level_remix_1	data/scenes/game_select/levels.inc.c	level_remix_1	Remix 1	Remix１	final	
data/scenes/game_select/levels.inc.c:level_remix_1_desc	data/scenes/game_select/levels.inc.c	level_remix_1_desc	Let's test your skills!\nStage 1's games have\nall been remixed!\nThink you can beat it?	"想检验一下
你的实力吗？
让之前的经验
发挥作用吧！"	final	
data/scenes/game_select/levels.inc.c:level_remix_1_result_1	data/scenes/game_select/levels.inc.c	level_remix_1_result_1	You were as good as... a cat's snack.	本次的表现 ：猫咪零食级	final	
data/scenes/game_select/levels.inc.c:level_remix_1_result_2	data/scenes/game_select/levels.inc.c	level_remix_1_result_2	You were as good as... an ordinary breakfast.	本次的表现 ：早餐级	final	
data/scenes/game_select/levels.inc.c:level_remix_1_result_3	data/scenes/game_select/levels.inc.c	level_remix_1_result_3	You were as good as... why, a delicious dinner!	本次的表现 ：竟然是晚餐级！！	final	
data/scenes/game_select/levels.inc.c:level_remix_2	data/scenes/game_select/levels.inc.c	level_remix_2	Remix 2	Remix２	final	
data/scenes/game_select/levels.inc.c:level_remix_2_desc	data/scenes/game_select/levels.inc.c	level_remix_2_desc	Let's test your skills!\nThis one's got a lively\natmosphere perfect\nfor dance lessons!	"想检验一下
你的实力吗？
让之前的经验
发挥作用吧！"	final	
data/scenes/game_select/levels.inc.c:level_remix_2_result_1	data/scenes/game_select/levels.inc.c	level_remix_2_result_1	That was as lively as... playing ball by yourself.	本次的热度 ：独自练习的程度	final	
data/scenes/game_select/levels.inc.c:level_remix_2_result_2	data/scenes/game_select/levels.inc.c	level_remix_2_result_2	That was as lively as... a pleasant game of catch.	本次的热度 ：开心传接球的程度	final	
data/scenes/game_select/levels.inc.c:level_remix_2_result_3	data/scenes/game_select/levels.inc.c	level_remix_2_result_3	That was as lively as... a huge baseball tournament!	本次的热度 ：精彩大赛的程度！！	final	
data/scenes/game_select/levels.inc.c:level_remix_3	data/scenes/game_select/levels.inc.c	level_remix_3	Remix 3	Remix３	final	
data/scenes/game_select/levels.inc.c:level_remix_3_desc	data/scenes/game_select/levels.inc.c	level_remix_3_desc	Let's test your skills!\nThis one's got an\nadorable love song with\nadorable love lyrics!	"想检验一下
你的实力吗？
让之前的经验
发挥作用吧！"	final	
data/scenes/game_select/levels.inc.c:level_remix_3_result_1	data/scenes/game_select/levels.inc.c	level_remix_3_result_1	Their love ended in... heartbreak...	本次的爱意 ： 好像已经心碎了…	final	
data/scenes/game_select/levels.inc.c:level_remix_3_result_2	data/scenes/game_select/levels.inc.c	level_remix_3_result_2	Their love ended in... a good friendship.	本次的爱意 ： 非常友好的感觉呢♪	final	
data/scenes/game_select/levels.inc.c:level_remix_3_result_3	data/scenes/game_select/levels.inc.c	level_remix_3_result_3	Their love ended in... a tender marriage!	本次的爱意 ： 甜甜蜜蜜—！！	final	
data/scenes/game_select/levels.inc.c:level_remix_4	data/scenes/game_select/levels.inc.c	level_remix_4	Remix 4	Remix４	final	
data/scenes/game_select/levels.inc.c:level_remix_4_desc	data/scenes/game_select/levels.inc.c	level_remix_4_desc	Let's test your skills!\nThis one's got a casual,\neasygoing vibe, like a\nnice, pleasant stroll...	"想检验一下
你的实力吗？
让之前的经验
发挥作用吧！"	final	
data/scenes/game_select/levels.inc.c:level_remix_4_result_1	data/scenes/game_select/levels.inc.c	level_remix_4_result_1	Today's forecast... raining buckets.	本次的天气 ： 雨	final	
data/scenes/game_select/levels.inc.c:level_remix_4_result_2	data/scenes/game_select/levels.inc.c	level_remix_4_result_2	Today's forecast... very cloudy.	本次的天气 ： 多云	final	
data/scenes/game_select/levels.inc.c:level_remix_4_result_3	data/scenes/game_select/levels.inc.c	level_remix_4_result_3	Today's forecast... clear skies all day!	本次的天气 ：快乐的大晴天！！	final	
data/scenes/game_select/levels.inc.c:level_remix_5	data/scenes/game_select/levels.inc.c	level_remix_5	Remix 5	Remix５	final	
data/scenes/game_select/levels.inc.c:level_remix_5_desc	data/scenes/game_select/levels.inc.c	level_remix_5_desc	Let's test your skills!\nThis one's got some\nmelancholic lyrics.\nTry to keep your cool!	"想检验一下
你的实力吗？
让之前的经验
发挥作用吧！"	final	
data/scenes/game_select/levels.inc.c:level_remix_5_result_1	data/scenes/game_select/levels.inc.c	level_remix_5_result_1	This couple is... in trouble!	本次的二人 ：被人搅和了！	final	
data/scenes/game_select/levels.inc.c:level_remix_5_result_2	data/scenes/game_select/levels.inc.c	level_remix_5_result_2	This couple is... a little nervous...	本次的二人 ：今后可能有点不安……	final	
data/scenes/game_select/levels.inc.c:level_remix_5_result_3	data/scenes/game_select/levels.inc.c	level_remix_5_result_3	This couple is... living their happy-ever-after!	本次的二人 ：过上幸福生活啦♪	final	
data/scenes/game_select/levels.inc.c:level_remix_6	data/scenes/game_select/levels.inc.c	level_remix_6	Remix 6	Remix６	final	
data/scenes/game_select/levels.inc.c:level_remix_6_desc	data/scenes/game_select/levels.inc.c	level_remix_6_desc	Let's test your skills!\nEvery game you've\nplayed is here! Show\nus what you've learned!	"想检验一下
你的实力吗？
让之前的经验
发挥作用吧！"	final	
data/scenes/game_select/levels.inc.c:level_remix_6_result_1	data/scenes/game_select/levels.inc.c	level_remix_6_result_1	Your fish tank is... pretty sparse.	本次的内容 ： 有些孤单的感觉	final	
data/scenes/game_select/levels.inc.c:level_remix_6_result_2	data/scenes/game_select/levels.inc.c	level_remix_6_result_2	Your fish tank is... unique for sure!	本次的内容 ： 意外的感觉	final	
data/scenes/game_select/levels.inc.c:level_remix_6_result_3	data/scenes/game_select/levels.inc.c	level_remix_6_result_3	Your fish tank is... unbelievable!	本次的内容 ： 难以置信的感觉！！	final	
data/scenes/game_select/levels.inc.c:level_remix_7	data/scenes/game_select/levels.inc.c	level_remix_7	Remix 7	Remix７	final	
data/scenes/game_select/levels.inc.c:level_remix_7_desc	data/scenes/game_select/levels.inc.c	level_remix_7_desc	Let's test your skills!\nA lot of the remixes\nmake a comeback here!\nIt's a remix remix!	"想检验一下
你的实力吗？
让之前的经验
发挥作用吧！"	final	
data/scenes/game_select/levels.inc.c:level_remix_7_result_1	data/scenes/game_select/levels.inc.c	level_remix_7_result_1	Your Jurassic visit was... terrifying!	本次的恐龙 ：有点坏心眼	final	
data/scenes/game_select/levels.inc.c:level_remix_7_result_2	data/scenes/game_select/levels.inc.c	level_remix_7_result_2	Your Jurassic visit was... rather tame.	本次的恐龙 ： 暖呼呼的	final	
data/scenes/game_select/levels.inc.c:level_remix_7_result_3	data/scenes/game_select/levels.inc.c	level_remix_7_result_3	Your Jurassic visit was... too much fun!	本次的恐龙 ： 太好玩了～！！	final	
data/scenes/game_select/levels.inc.c:level_remix_8	data/scenes/game_select/levels.inc.c	level_remix_8	Remix 8	Remix８	final	
data/scenes/game_select/levels.inc.c:level_remix_8_desc	data/scenes/game_select/levels.inc.c	level_remix_8_desc	Let's test your skills!\nThis special remix is a\nreal challenge! Show\nus what you've learned!	"想检验一下
你的实力吗？
让之前的经验
发挥作用吧！"	final	
data/scenes/game_select/levels.inc.c:level_remix_8_result_1	data/scenes/game_select/levels.inc.c	level_remix_8_result_1	Your road trip was... oh boy...	本次的兜风 ：真是的…	final	
data/scenes/game_select/levels.inc.c:level_remix_8_result_2	data/scenes/game_select/levels.inc.c	level_remix_8_result_2	Your road trip was... a little long.	本次的兜风 ：看来还要开很久啊	final	
data/scenes/game_select/levels.inc.c:level_remix_8_result_3	data/scenes/game_select/levels.inc.c	level_remix_8_result_3	Your road trip was... absolutely spectacular!	本次的兜风 ： 太爽快了！！	final	
data/scenes/game_select/levels.inc.c:level_remix_extra	data/scenes/game_select/levels.inc.c	level_remix_extra	Extra Remix	Extra Remix	draft	
data/scenes/game_select/levels.inc.c:level_remix_extra_desc	data/scenes/game_select/levels.inc.c	level_remix_extra_desc	Let's test your skills!\nThis remix is faster\nthan ever!\nThink you can beat it?	"这是额外关卡的Remix哦。
能跟上这个速度吗？
到最后都要尽情享受哦！"	draft	
data/scenes/game_select/levels.inc.c:level_remix_extra_result_1	data/scenes/game_select/levels.inc.c	level_remix_extra_result_1	This is going to take a while...	还有很长的路要走呢。	draft	
data/scenes/game_select/levels.inc.c:level_remix_extra_result_2	data/scenes/game_select/levels.inc.c	level_remix_extra_result_2	Just a normal chick. Cheep-Cheep!	很普通呢～。啾啾。	draft	
data/scenes/game_select/levels.inc.c:level_remix_extra_result_3	data/scenes/game_select/levels.inc.c	level_remix_extra_result_3	You've grown splendidly! You look downright dignified!	成长得很出色呢！好厉害！！	draft	
data/scenes/game_select/levels.inc.c:level_rhythm_datsu_1	data/scenes/game_select/levels.inc.c	level_rhythm_datsu_1	Rhythm Tweezers	节奏脱毛	final	
data/scenes/game_select/levels.inc.c:level_rhythm_datsu_1_desc	data/scenes/game_select/levels.inc.c	level_rhythm_datsu_1_desc	\nMy roots are showing!\nCan you pluck them off?\n	"那讨厌的“毛”
总是不停地长出来！
拔掉它，
拔掉它！"	final	
data/scenes/game_select/levels.inc.c:level_rhythm_datsu_1_result_1	data/scenes/game_select/levels.inc.c	level_rhythm_datsu_1_result_1	I can't sell these!	这样可根本卖不出去啊！	final	
data/scenes/game_select/levels.inc.c:level_rhythm_datsu_1_result_2	data/scenes/game_select/levels.inc.c	level_rhythm_datsu_1_result_2	Wh-why do my vegetables grow hair?	为啥俺家的蔬菜会长毛啊？	final	
data/scenes/game_select/levels.inc.c:level_rhythm_datsu_1_result_3	data/scenes/game_select/levels.inc.c	level_rhythm_datsu_1_result_3	So nice and clean! Even the air seems fresher!	一身轻松！空气真新鲜！！	final	
data/scenes/game_select/levels.inc.c:level_rhythm_datsu_2	data/scenes/game_select/levels.inc.c	level_rhythm_datsu_2	Rhythm Tweezers 2	节奏脱毛２	final	
data/scenes/game_select/levels.inc.c:level_rhythm_datsu_2_desc	data/scenes/game_select/levels.inc.c	level_rhythm_datsu_2_desc	My roots are\ngrowing back!\nYou've got to pluck\nthem off again!	"那讨厌的“毛”
居然又长出来了！
拔掉它，
拔掉它！"	final	
data/scenes/game_select/levels.inc.c:level_rhythm_datsu_2_result_1	data/scenes/game_select/levels.inc.c	level_rhythm_datsu_2_result_1	Why do you have to be so hairy!?	为什么会长毛啊ー！？	final	
data/scenes/game_select/levels.inc.c:level_rhythm_datsu_2_result_2	data/scenes/game_select/levels.inc.c	level_rhythm_datsu_2_result_2	Why do only my vegetables grow hair, anyway...?	为啥偏偏只有俺家的蔬菜会长毛…？	final	
data/scenes/game_select/levels.inc.c:level_rhythm_datsu_2_result_3	data/scenes/game_select/levels.inc.c	level_rhythm_datsu_2_result_3	How refreshing! The air is cool and crisp!	一身轻松！空气好得不得了！！	final	
data/scenes/game_select/levels.inc.c:level_rhythm_datsu_extra	data/scenes/game_select/levels.inc.c	level_rhythm_datsu_extra	Rhythm Tweezers	节奏脱毛	draft	
data/scenes/game_select/levels.inc.c:level_rhythm_datsu_extra_desc	data/scenes/game_select/levels.inc.c	level_rhythm_datsu_extra_desc	My roots are showing!\nDon't let the speed trip\nyou up! Pluck them off!\n	"那讨厌的“毛” 总是不停地长出来！
不要被快速的节奏迷惑了
拔掉它，拔掉它！"	draft	
data/scenes/game_select/levels.inc.c:level_rhythm_datsu_extra_result_1	data/scenes/game_select/levels.inc.c	level_rhythm_datsu_extra_result_1	I can't pluck anything at this speed!	毛长得太快了啊……	draft	
data/scenes/game_select/levels.inc.c:level_rhythm_datsu_extra_result_2	data/scenes/game_select/levels.inc.c	level_rhythm_datsu_extra_result_2	These hairs are pretty tough to pluck.	还真是挺难对付的毛啊。	draft	
data/scenes/game_select/levels.inc.c:level_rhythm_datsu_extra_result_3	data/scenes/game_select/levels.inc.c	level_rhythm_datsu_extra_result_3	Look at those flowers! They're so relaxing...	嗯——清爽了！去看看花吧！	draft	
data/scenes/game_select/levels.inc.c:level_showtime_1	data/scenes/game_select/levels.inc.c	level_showtime_1	Showtime	表演时间	final	
data/scenes/game_select/levels.inc.c:level_showtime_1_desc	data/scenes/game_select/levels.inc.c	level_showtime_1_desc	Our plucky penguins\nare ready for their act!\nGet out there and wow\nthe crowd! It's showtime!	"企鹅小子们的
表演时间
要开始啦！
好耶好耶！"	final	
data/scenes/game_select/levels.inc.c:level_showtime_1_result_1	data/scenes/game_select/levels.inc.c	level_showtime_1_result_1	We've betrayed our audience...	客人们都生气了呢…	final	
data/scenes/game_select/levels.inc.c:level_showtime_1_result_2	data/scenes/game_select/levels.inc.c	level_showtime_1_result_2	I know we're capable of more than this...	我们可不是只有这点水平…	final	
data/scenes/game_select/levels.inc.c:level_showtime_1_result_3	data/scenes/game_select/levels.inc.c	level_showtime_1_result_3	They loved us out there!	太好啦！！ 客人们玩得很开心耶ー！！	final	
data/scenes/game_select/levels.inc.c:level_shuji_1	data/scenes/game_select/levels.inc.c	level_shuji_1	Power Calligraphy	节奏书法	final	
data/scenes/game_select/levels.inc.c:level_shuji_1_desc	data/scenes/game_select/levels.inc.c	level_shuji_1_desc	Japanese calligraphy\nrequires grace, finesse,\nand a shocking amount\nof upper body strength.	"要用毛笔来写日文。
而你负责的，
只有最精彩的部分。"	final	
data/scenes/game_select/levels.inc.c:level_shuji_1_result_1	data/scenes/game_select/levels.inc.c	level_shuji_1_result_1	Maybe I should stick with pencils...	呼〜… 不行呀。	final	
data/scenes/game_select/levels.inc.c:level_shuji_1_result_2	data/scenes/game_select/levels.inc.c	level_shuji_1_result_2	Precision! Grace! What's not to like?	再多享受一些书法的乐趣吧！	final	
data/scenes/game_select/levels.inc.c:level_shuji_1_result_3	data/scenes/game_select/levels.inc.c	level_shuji_1_result_3	Woo! Calligraphy party!	书法这玩意儿也太带感啦！！	final	
data/scenes/game_select/levels.inc.c:level_shuji_2	data/scenes/game_select/levels.inc.c	level_shuji_2	Power Calligraphy 2	节奏书法２	final	
data/scenes/game_select/levels.inc.c:level_shuji_2_desc	data/scenes/game_select/levels.inc.c	level_shuji_2_desc	haha unused\n\n\n	"要用毛笔来写日文。
而你负责的，
只有最精彩的部分。"	final	
data/scenes/game_select/levels.inc.c:level_shuji_2_result_1	data/scenes/game_select/levels.inc.c	level_shuji_2_result_1		呼〜… 不行呀。	final	
data/scenes/game_select/levels.inc.c:level_shuji_2_result_2	data/scenes/game_select/levels.inc.c	level_shuji_2_result_2		再多享受一些书法的乐趣吧！	final	
data/scenes/game_select/levels.inc.c:level_shuji_2_result_3	data/scenes/game_select/levels.inc.c	level_shuji_2_result_3		书法这玩意儿也太带感啦！！	final	
data/scenes/game_select/levels.inc.c:level_space_dance_1	data/scenes/game_select/levels.inc.c	level_space_dance_1	Space Dance	太空之舞	final	
data/scenes/game_select/levels.inc.c:level_space_dance_1_desc	data/scenes/game_select/levels.inc.c	level_space_dance_1_desc	You want a dancing\nchallenge? Try dancing\nin zero gravity!\nIN SPAAAAAAAAAACE!	"这里是失重宇宙。
不过，还是来跳舞吧！
Let's Space Dance！"	final	
data/scenes/game_select/levels.inc.c:level_space_dance_1_result_1	data/scenes/game_select/levels.inc.c	level_space_dance_1_result_1	Our despair has lead us into a black hole!	黑、黑洞来啦ー！！	final	
data/scenes/game_select/levels.inc.c:level_space_dance_1_result_2	data/scenes/game_select/levels.inc.c	level_space_dance_1_result_2	Let us aim for the stars!	真想像那颗星星一样闪闪发亮呀…	final	
data/scenes/game_select/levels.inc.c:level_space_dance_1_result_3	data/scenes/game_select/levels.inc.c	level_space_dance_1_result_3	We are galactic superstars!	我们就是太空超级巨星！！	final	
data/scenes/game_select/levels.inc.c:level_staff	data/scenes/game_select/levels.inc.c	level_staff	Staff Credits	制作人员	final	
data/scenes/game_select/levels.inc.c:level_staff_desc	data/scenes/game_select/levels.inc.c	level_staff_desc	Here's the staff who\nhelped develop\nthis game. Feel free\nto take a look!	"要是你愿意的话，
也来看看吧。
这里是这款游戏的
制作人员哦。"	final	
data/scenes/game_select/levels.inc.c:level_super_tap_1	data/scenes/game_select/levels.inc.c	level_super_tap_1	Tap Trial 2	超级踢踏舞	final	
data/scenes/game_select/levels.inc.c:level_super_tap_1_desc	data/scenes/game_select/levels.inc.c	level_super_tap_1_desc	The monkeys are\nbringing their A game!\nCan you keep up? Don't\nlet them out-tap you!	"猴子们强化啦！
你还能不能
跟上他们呢！？
别输呀〜！"	final	
data/scenes/game_select/levels.inc.c:level_super_tap_1_result_1	data/scenes/game_select/levels.inc.c	level_super_tap_1_result_1	Looks like we tapped TOO hard!	不会吧——！	final	
data/scenes/game_select/levels.inc.c:level_super_tap_1_result_2	data/scenes/game_select/levels.inc.c	level_super_tap_1_result_2	Hey... Where'd our rhythm go?	嗯〜… 感觉还差了那么一点…	final	
data/scenes/game_select/levels.inc.c:level_super_tap_1_result_3	data/scenes/game_select/levels.inc.c	level_super_tap_1_result_3	Monkeys are the key to tappiness!	这股感觉，根本停不下来啦！	final	
data/scenes/game_select/levels.inc.c:level_tap_dance_1	data/scenes/game_select/levels.inc.c	level_tap_dance_1	Tap Trial	踢踏舞	final	
data/scenes/game_select/levels.inc.c:level_tap_dance_1_desc	data/scenes/game_select/levels.inc.c	level_tap_dance_1_desc	You are the girl.\nThey are the monkeys.\nFollow them to tap\nstardom!	"你是个女孩子。
要跟着旁边那群猴子
一起踩出踢踏节奏哦！"	final	
data/scenes/game_select/levels.inc.c:level_tap_dance_1_result_2	data/scenes/game_select/levels.inc.c	level_tap_dance_1_result_2	You were ALMOST as good as a monkey...	虽然有几处怪怪的啦！	final	
data/scenes/game_select/levels.inc.c:level_tap_dance_1_result_3	data/scenes/game_select/levels.inc.c	level_tap_dance_1_result_3	Tap loves you too, Giraffe!	心情已经嗨到顶了！！	final	
data/scenes/game_select/levels.inc.c:level_toran_porin_1	data/scenes/game_select/levels.inc.c	level_toran_porin_1	Tram & Pauline	小蹦与小床	final	
data/scenes/game_select/levels.inc.c:level_toran_porin_1_desc	data/scenes/game_select/levels.inc.c	level_toran_porin_1_desc	Gather round, one and\nall! Tram and Pauline's\nacrobatic magic show\nis about to begin!	"小狐狸小蹦，
再加上小床的
杂技秀就要开始啦！"	final	
data/scenes/game_select/levels.inc.c:level_toran_porin_1_result_1	data/scenes/game_select/levels.inc.c	level_toran_porin_1_result_1	We've transformed the show into a failure!	大失败啦〜！！	final	
data/scenes/game_select/levels.inc.c:level_toran_porin_1_result_2	data/scenes/game_select/levels.inc.c	level_toran_porin_1_result_2	At least we only messed up half the show...	有点不上不下呀…	final	
data/scenes/game_select/levels.inc.c:level_toran_porin_1_result_3	data/scenes/game_select/levels.inc.c	level_toran_porin_1_result_3	We're the perfect duo!	配合得稳稳的！！	final	
data/scenes/game_select/levels.inc.c:level_toss_boys_1	data/scenes/game_select/levels.inc.c	level_toss_boys_1	Toss Team	传球少年	final	
data/scenes/game_select/levels.inc.c:level_toss_boys_2	data/scenes/game_select/levels.inc.c	level_toss_boys_2	Toss Team 2	传球少年２	final	
data/scenes/game_select/levels.inc.c:level_toss_boys_2_result_1	data/scenes/game_select/levels.inc.c	level_toss_boys_2_result_1	Our spirits have been deflated...	惨兮兮啦〜！	final	
data/scenes/game_select/levels.inc.c:level_toys	data/scenes/game_select/levels.inc.c	level_toys	Rhythm Toys	节奏玩具	final	
data/scenes/game_select/levels.inc.c:level_toys_desc	data/scenes/game_select/levels.inc.c	level_toys_desc	Collect medals to\nplay with some\nRhythm Toys!\nCheck them out!	"收集奖牌，
去玩玩那些会发声的玩具吧！
有好几个哦。"	final	
data/scenes/game_select/levels.inc.c:level_usagi_1	data/scenes/game_select/levels.inc.c	level_usagi_1	Bunny Hop	跃兔	final	
data/scenes/game_select/levels.inc.c:level_usagi_1_desc	data/scenes/game_select/levels.inc.c	level_usagi_1_desc	This rabbit has an\nimpossible goal: to jump\nto the moon! Can you\nmake her dream reality?	"这只小白兔
最擅长跳跃啦。
踩着节拍，
一起渡过大海吧！"	final	
data/scenes/game_select/levels.inc.c:level_usagi_1_result_1	data/scenes/game_select/levels.inc.c	level_usagi_1_result_1	I'm not sure I thought this through...	我想回月亮上去〜！	final	
data/scenes/game_select/levels.inc.c:level_usagi_1_result_2	data/scenes/game_select/levels.inc.c	level_usagi_1_result_2	Didn't quite stick the landing...	落地失败啦…	final	
data/scenes/game_select/levels.inc.c:level_usagi_1_result_3	data/scenes/game_select/levels.inc.c	level_usagi_1_result_3	A perfect landing! Who needs rockets?!	满分！！	final	
data/scenes/game_select/levels.inc.c:level_white_ghost_1	data/scenes/game_select/levels.inc.c	level_white_ghost_1	Sneaky Spirits	白色的鬼	final	
data/scenes/game_select/levels.inc.c:level_white_ghost_1_desc	data/scenes/game_select/levels.inc.c	level_white_ghost_1_desc	These spirits aren't\nexactly evil, but they\nARE mean: they'll laugh\nat you if you miss.	"那个白色的家伙
在小瞧咱们！
气死我啦——！！
得狠狠教训它！"	final	
data/scenes/game_select/levels.inc.c:level_white_ghost_1_result_1	data/scenes/game_select/levels.inc.c	level_white_ghost_1_result_1	Escaped ghosts are nothing but trouble.	竟被逃掉的家伙捉弄了！	final	
data/scenes/game_select/levels.inc.c:level_white_ghost_1_result_2	data/scenes/game_select/levels.inc.c	level_white_ghost_1_result_2	This one's not going anywhere!	拿下！	final	
data/scenes/game_select/levels.inc.c:level_white_ghost_1_result_3	data/scenes/game_select/levels.inc.c	level_white_ghost_1_result_3	No ghost escapes on your watch!	干掉一大堆！！	final	
data/scenes/game_select/levels.inc.c:level_white_ghost_2	data/scenes/game_select/levels.inc.c	level_white_ghost_2	Sneaky Spirits 2	白色的鬼２	final	
data/scenes/game_select/levels.inc.c:level_white_ghost_2_desc	data/scenes/game_select/levels.inc.c	level_white_ghost_2_desc	Those spirits are\nacting up again!\nLet them have it,\narchery style!	"那个白色的家伙
完全不把咱们放在眼里！
可恶可恶！！
得狠狠教训它一顿！"	final	
data/scenes/game_select/levels.inc.c:level_white_ghost_2_result_1	data/scenes/game_select/levels.inc.c	level_white_ghost_2_result_1	Gah! They slipped right past you!	哇啊！被耍得毫无还手之力！	final	
data/scenes/game_select/levels.inc.c:level_white_ghost_2_result_2	data/scenes/game_select/levels.inc.c	level_white_ghost_2_result_2	L-let me go! Please!	鬼：“什、什么呀～”	final	
data/scenes/game_select/levels.inc.c:level_white_ghost_2_result_3	data/scenes/game_select/levels.inc.c	level_white_ghost_2_result_3	You ghosts stay and think about what you've done!	你们，都给我好好反省！	final	
data/scenes/game_select/scene.c:game_select_rank_text[0]	data/scenes/game_select/scene.c	game_select_rank_text[0]		等级 平凡 等级 高水准	final	
data/scenes/medal_corner/lessons_menu.inc.c:lesson_basic_1	data/scenes/medal_corner/lessons_menu.inc.c	lesson_basic_1	Intro 1	基础篇 １	final	
data/scenes/medal_corner/lessons_menu.inc.c:lesson_basic_2	data/scenes/medal_corner/lessons_menu.inc.c	lesson_basic_2	Intro 2	基础篇 ２	final	
data/scenes/medal_corner/lessons_menu.inc.c:lesson_hitech_1	data/scenes/medal_corner/lessons_menu.inc.c	lesson_hitech_1	Technical 1	高阶篇 １	final	
data/scenes/medal_corner/lessons_menu.inc.c:lesson_hitech_2	data/scenes/medal_corner/lessons_menu.inc.c	lesson_hitech_2	Technical 2	高阶篇 ２	final	
data/scenes/medal_corner/lessons_menu.inc.c:lesson_long_1	data/scenes/medal_corner/lessons_menu.inc.c	lesson_long_1	Advanced 1	长篇 １	final	
data/scenes/medal_corner/lessons_menu.inc.c:lesson_long_2	data/scenes/medal_corner/lessons_menu.inc.c	lesson_long_2	Advanced 2	长篇 2	final	
data/scenes/medal_corner/lessons_menu.inc.c:lesson_long_3	data/scenes/medal_corner/lessons_menu.inc.c	lesson_long_3	Advanced 3	长篇 3	final	
data/scenes/medal_corner/lessons_menu.inc.c:lesson_long_4	data/scenes/medal_corner/lessons_menu.inc.c	lesson_long_4	Advanced 4	长篇 ４	final	
data/scenes/medal_corner/lessons_menu.inc.c:lesson_long_5	data/scenes/medal_corner/lessons_menu.inc.c	lesson_long_5	Advanced 5	长篇 ５	final	
data/scenes/medal_corner/lessons_menu.inc.c:lesson_long_6	data/scenes/medal_corner/lessons_menu.inc.c	lesson_long_6	Advanced 6	长篇 ６	final	
data/scenes/medal_corner/lessons_menu.inc.c:lesson_short_1	data/scenes/medal_corner/lessons_menu.inc.c	lesson_short_1	Basic 1	短篇  １	final	
data/scenes/medal_corner/lessons_menu.inc.c:lesson_short_2	data/scenes/medal_corner/lessons_menu.inc.c	lesson_short_2	Basic 2	短篇 ２	final	
data/scenes/medal_corner/lessons_menu.inc.c:lesson_short_3	data/scenes/medal_corner/lessons_menu.inc.c	lesson_short_3	Basic 3	短篇 ３	final	
data/scenes/medal_corner/lessons_menu.inc.c:lesson_short_4	data/scenes/medal_corner/lessons_menu.inc.c	lesson_short_4	Basic 4	短篇 ４	final	
data/scenes/medal_corner/lessons_menu.inc.c:lesson_short_5	data/scenes/medal_corner/lessons_menu.inc.c	lesson_short_5	Basic 5	短篇 ５	final	
data/scenes/medal_corner/lessons_menu.inc.c:lesson_short_6	data/scenes/medal_corner/lessons_menu.inc.c	lesson_short_6	Basic 6	短篇 ６	final	
data/scenes/medal_corner/lessons_menu.inc.c:lesson_short_7	data/scenes/medal_corner/lessons_menu.inc.c	lesson_short_7	Basic 7	短篇 ７	final	
data/scenes/medal_corner/lessons_menu.inc.c:lesson_short_8	data/scenes/medal_corner/lessons_menu.inc.c	lesson_short_8	Basic 8	短篇 ８	final	
data/scenes/medal_corner/lessons_menu.inc.c:lesson_short_9	data/scenes/medal_corner/lessons_menu.inc.c	lesson_short_9	Basic 9	短篇 ９	final	
data/scenes/options/data.c:advance_options_desc_text[0]	data/scenes/options/data.c	advance_options_desc_text[0]	\0023\0013\001CSound Effects\n\0024\0011\001LEnglish   \0021Use the localized sound effects.\n\0024\0011\001LJapanese  \0021Use the original sound effects.	"音效
中文   使用中文翻配音效
日语   使用原版日语音效"	draft	control codes need review
data/scenes/options/data.c:advance_options_desc_text[1]	data/scenes/options/data.c	advance_options_desc_text[1]	\0023\0013\001CMusic\n\0024\0011\001LEnglish   \0021Use the localized music.\n\0024\0011\001LJapanese  \0021Use the original music.	"音乐
中文翻唱   使用中文翻唱音乐
日语原唱   使用原版日语音乐"	draft	control codes need review
data/scenes/options/data.c:advance_options_desc_text[2]	data/scenes/options/data.c	advance_options_desc_text[2]	\0023\0013\001CRumble\n\0024\0011\001LOn        \0021Rumble is active during gameplay.\n\0024\0011\001LOff       \0021Rumble is disabled.	"震动
开       游玩时设备将会震动
关       游玩时震动将被禁用"	draft	control codes need review
data/scenes/options/data.c:advance_options_desc_text[3]	data/scenes/options/data.c	advance_options_desc_text[3]	\0023\0013\001CShow Disclaimer\n\0024\0011\001LShow      \0021Show the disclaimer at startup.\n\0024\0011\001LSkip      \0021Skip the disclaimer at startup.	"汉化声明
展示      游戏启动时展示汉化声明
跳过      启动时不再展示汉化声明"	draft	control codes need review
data/scenes/options/data.c:advance_options_desc_text[4]	data/scenes/options/data.c	advance_options_desc_text[4]	\0023\0013\001CGame Select Music\n\0024\0011\001LNormal    \0021Use Game Select 2 after the credits.\n\0024\0011\001LSwapped   \0021Use Game Select 1 after the credits.	"游戏选择菜单音乐
启用切换   二周目将切换新音乐
禁用切换   二周目仍播放旧音乐"	draft	control codes need review
data/scenes/options/data.c:options_data_clear_confirm_text	data/scenes/options/data.c	options_data_clear_confirm_text	\0023\0013\001CAre you sure?\n\0021\0011\001C       Yes\n     No	"真的要删掉吗？
　　　　　　　确认
　　　　　　　取消"	final	control codes need review
data/scenes/options/data.c:options_desc_text[0]	data/scenes/options/data.c	options_desc_text[0]	\0023\0013\001CSound Mode\n\0024\0011\001LStereo   For dual-speaker systems. (DS, etc.)\n\0024\0011\001LMono   For single-speaker systems. (GBA, etc.)	"声音模式
立体声　　戴耳机就选这个！推荐！
单声道　　用主机喇叭就选这个。"	final	control codes need review
data/scenes/options/data.c:options_desc_text[1]	data/scenes/options/data.c	options_desc_text[1]	\0023\0013\001CClear Data\n\0021\0011\001CThis will delete all of your save data and start\nyou over from the beginning. Be careful!	"清除数据
会把至今为止的记录全部删掉，然后从头开始。
要想清楚哦！"	final	control codes need review
data/scenes/perfect/data.c:perfect_gift_directive_text[0]	data/scenes/perfect/data.c	perfect_gift_directive_text[0]	Listen to it in the studio!\n	"（可在录音室试听）
（可在录音室演奏）
（可在节奏资料室查看）
"	final	
data/scenes/results/data.inc.c:results_letter_ranks[0]	data/scenes/results/data.inc.c	results_letter_ranks[0]	:1.1D	:1.1Ｄ	final	
data/scenes/results/data.inc.c:results_letter_ranks[1]	data/scenes/results/data.inc.c	results_letter_ranks[1]	:1.5C	:1.5Ｃ	final	
data/scenes/results/data.inc.c:results_letter_ranks[2]	data/scenes/results/data.inc.c	results_letter_ranks[2]	:1.4B	:1.4Ｂ	final	
data/scenes/results/data.inc.c:results_letter_ranks[3]	data/scenes/results/data.inc.c	results_letter_ranks[3]	:1.6A	:1.6Ａ	final	
data/scenes/results/data.inc.c:results_letter_ranks[4]	data/scenes/results/data.inc.c	results_letter_ranks[4]	:1.2S	:1.2Ｓ	final	
data/scenes/results/data.inc.c:results_skill_text_accuracy[0]	data/scenes/results/data.inc.c	results_skill_text_accuracy[0]	Professional Accuracy	专业人士眼中的合拍度	final	
data/scenes/results/data.inc.c:results_skill_text_accuracy[1]	data/scenes/results/data.inc.c	results_skill_text_accuracy[1]	Sense of Rhythm	节奏感到位度	final	
data/scenes/results/data.inc.c:results_skill_text_accuracy[2]	data/scenes/results/data.inc.c	results_skill_text_accuracy[2]	Accuracy Satisfaction	令人信服的准确度	final	
data/scenes/results/data.inc.c:results_skill_text_accuracy_lenient[0]	data/scenes/results/data.inc.c	results_skill_text_accuracy_lenient[0]	Stability	稳定程度	final	
data/scenes/results/data.inc.c:results_skill_text_accuracy_lenient[1]	data/scenes/results/data.inc.c	results_skill_text_accuracy_lenient[1]	Your Rhythm's Core	节奏的核心	final	
data/scenes/results/data.inc.c:results_skill_text_accuracy_lenient[2]	data/scenes/results/data.inc.c	results_skill_text_accuracy_lenient[2]	Consistency	一致性之类的东西	final	
data/scenes/results/data.inc.c:results_skill_text_barely_trk1[0]	data/scenes/results/data.inc.c	results_skill_text_barely_trk1[0]	Responsibility	责任感	final	
data/scenes/results/data.inc.c:results_skill_text_barely_trk1[1]	data/scenes/results/data.inc.c	results_skill_text_barely_trk1[1]	The Most Important Part	关键时刻的爆发力	final	
data/scenes/results/data.inc.c:results_skill_text_barely_trk1[2]	data/scenes/results/data.inc.c	results_skill_text_barely_trk1[2]	Grasp	稳妥的感觉	final	
data/scenes/results/data.inc.c:results_skill_text_barely_trk2[0]	data/scenes/results/data.inc.c	results_skill_text_barely_trk2[0]	Technique Level	技巧等级	final	
data/scenes/results/data.inc.c:results_skill_text_barely_trk2[1]	data/scenes/results/data.inc.c	results_skill_text_barely_trk2[1]	Adaptability	适应能力	final	
data/scenes/results/data.inc.c:results_skill_text_barely_trk2[2]	data/scenes/results/data.inc.c	results_skill_text_barely_trk2[2]	Reflexes	脑筋转速	final	
data/scenes/results/data.inc.c:results_skill_text_hit_avg[0]	data/scenes/results/data.inc.c	results_skill_text_hit_avg[0]	Amateur Accuracy	外行眼中的合拍度	final	
data/scenes/results/data.inc.c:results_skill_text_hit_avg[1]	data/scenes/results/data.inc.c	results_skill_text_hit_avg[1]	Ordinary Accuracy	普普通通的合拍度	final	
data/scenes/results/data.inc.c:results_skill_text_hit_avg[2]	data/scenes/results/data.inc.c	results_skill_text_hit_avg[2]	Moderate Accuracy	马马虎虎的准确度	final	
data/scenes/results/data.inc.c:results_skill_text_irrelevant_inputs[0]	data/scenes/results/data.inc.c	results_skill_text_irrelevant_inputs[0]	Conservation of Stamina	节约能力	final	
data/scenes/results/data.inc.c:results_skill_text_irrelevant_inputs[1]	data/scenes/results/data.inc.c	results_skill_text_irrelevant_inputs[1]	Rationality	合理的才能	final	
data/scenes/results/data.inc.c:results_skill_text_irrelevant_inputs[2]	data/scenes/results/data.inc.c	results_skill_text_irrelevant_inputs[2]	Calmness	沉着冷静	final	
data/scenes/results/data.inc.c:results_skill_text_miss[0]	data/scenes/results/data.inc.c	results_skill_text_miss[0]	Motivation	干劲	final	
data/scenes/results/data.inc.c:results_skill_text_miss[1]	data/scenes/results/data.inc.c	results_skill_text_miss[1]	Visual Strength	动态视力	final	
data/scenes/results/data.inc.c:results_skill_text_miss[2]	data/scenes/results/data.inc.c	results_skill_text_miss[2]	Attitude	积极的态度	final	
data/scenes/results/data.inc.c:results_skill_text_miss_trk2[0]	data/scenes/results/data.inc.c	results_skill_text_miss_trk2[0]	Adaptability	随机应变	final	
data/scenes/results/data.inc.c:results_skill_text_miss_trk2[1]	data/scenes/results/data.inc.c	results_skill_text_miss_trk2[1]	Flexibility	灵活性	final	
data/scenes/results/data.inc.c:results_skill_text_miss_trk2[2]	data/scenes/results/data.inc.c	results_skill_text_miss_trk2[2]	Carefulness	细心程度	final	
data/scenes/results/data.inc.c:results_skill_text_random[0]	data/scenes/results/data.inc.c	results_skill_text_random[0]	Next Year's Love	明年的恋爱运	final	
data/scenes/results/data.inc.c:results_skill_text_random[1]	data/scenes/results/data.inc.c	results_skill_text_random[1]	This Year's Wealth	今年的财运	final	
data/scenes/results/data.inc.c:results_skill_text_random[2]	data/scenes/results/data.inc.c	results_skill_text_random[2]	Tomorrow's Weather	明天的天气	final	
data/scenes/results/data.inc.c:results_skill_text_random[3]	data/scenes/results/data.inc.c	results_skill_text_random[3]	Yesterday's Dinner	昨晚的夜宵	final	
data/scenes/results/data.inc.c:results_skill_text_random[4]	data/scenes/results/data.inc.c	results_skill_text_random[4]	Blood Type Prediction	血型（推测）	final	
data/scenes/results/data.inc.c:results_skill_text_random[5]	data/scenes/results/data.inc.c	results_skill_text_random[5]	Your Upbringing	教养程度	final	
data/scenes/results/data.inc.c:results_skill_text_random[6]	data/scenes/results/data.inc.c	results_skill_text_random[6]	Your Humanity	人品	final	
data/scenes/results/score_results.c:score_results_default_comments[0]	data/scenes/results/score_results.c	score_results_default_comments[0]	Amazing!	顶级水平！！	final	
data/scenes/results/score_results.c:score_results_default_comments[1]	data/scenes/results/score_results.c	score_results_default_comments[1]	Really good!	相当不错！	final	
data/scenes/results/score_results.c:score_results_default_comments[2]	data/scenes/results/score_results.c	score_results_default_comments[2]	Fairly average.	一般水平。	final	
data/scenes/results/score_results.c:score_results_default_comments[3]	data/scenes/results/score_results.c	score_results_default_comments[3]	Getting there...	还差一点。	final	
data/scenes/results/score_results.c:score_results_default_comments[4]	data/scenes/results/score_results.c	score_results_default_comments[4]	Hmm...Hm...	唔〜…	final	
games/bon_odori/bon_dance_text.c:D_0806a384	games/bon_odori/bon_dance_text.c	D_0806a384	The first half was kinda rough...	前半段还差一点啊。	draft	
games/bon_odori/bon_dance_text.c:D_0806a3a4	games/bon_odori/bon_dance_text.c	D_0806a3a4	The first half was pretty good!	前半段很稳嘛！	draft	
games/bon_odori/bon_dance_text.c:D_0806a3bc	games/bon_odori/bon_dance_text.c	D_0806a3bc	The second half was rather dreary.	后半段气氛有点冷下来了啊。	final	
games/bon_odori/bon_dance_text.c:D_0806a3e0	games/bon_odori/bon_dance_text.c	D_0806a3e0	The second half was incredible!	后半段热起来啦〜！	draft	
games/bon_odori/bon_dance_text.c:D_0806a400	games/bon_odori/bon_dance_text.c	D_0806a400	It really ramped up near the end!	高潮部分很到位！！	draft	
games/bon_odori/bon_dance_text.c:D_0806a424	games/bon_odori/bon_dance_text.c	D_0806a424	The ending was pitch perfect!	最后收得很漂亮呢！	draft	
games/bon_odori/bon_dance_text.c:D_0806a448	games/bon_odori/bon_dance_text.c	D_0806a448	The audience says...	周围人的评价	draft	
games/bon_odori/bon_dance_text.c:text_bon_dance_ame_ga_agare_ba	games/bon_odori/bon_dance_text.c	text_bon_dance_ame_ga_agare_ba	.0:0Ame ga agare ba~	.0:0如果雨停了的话～	draft	
games/bon_odori/bon_dance_text.c:text_bon_dance_don_don_pan_pan	games/bon_odori/bon_dance_text.c	text_bon_dance_don_don_pan_pan	.1:0Do-n do-n .2:0pa-n pa-n	咚　咚　嗙　嗙	draft	control codes need review
games/bon_odori/bon_dance_text.c:text_bon_dance_dondo_pan_pan	games/bon_odori/bon_dance_text.c	text_bon_dance_dondo_pan_pan	.1:0Dondo .2:0pa-n pan	咚咚　嗙　嗙	draft	control codes need review
games/bon_odori/bon_dance_text.c:text_bon_dance_dondo_panpa	games/bon_odori/bon_dance_text.c	text_bon_dance_dondo_panpa	.1:0Dondo .2:0panpa	咚咚　嗙嗙	draft	control codes need review
games/bon_odori/bon_dance_text.c:text_bon_dance_dondo_panpa_dondo_panpa	games/bon_odori/bon_dance_text.c	text_bon_dance_dondo_panpa_dondo_panpa	.1:0Dondo .2:0panpa .1:0dondo .2:0panpa	咚咚　嗙嗙　咚咚　嗙嗙	draft	control codes need review
games/bon_odori/bon_dance_text.c:text_bon_dance_dondo_panpa_pan	games/bon_odori/bon_dance_text.c	text_bon_dance_dondo_panpa_pan	.1:0Dondo .2:0panpa pan	咚咚　嗙嗙　嗙	draft	control codes need review
games/bon_odori/bon_dance_text.c:text_bon_dance_ha	games/bon_odori/bon_dance_text.c	text_bon_dance_ha	.0:0Haa~	.0:0哈～	draft	
games/bon_odori/bon_dance_text.c:text_bon_dance_ha_bon_odori	games/bon_odori/bon_dance_text.c	text_bon_dance_ha_bon_odori	.0:0Ha~ Bon Odori	.0:0哈～ 跳这盂兰盆舞	draft	
games/bon_odori/bon_dance_text.c:text_bon_dance_haa	games/bon_odori/bon_dance_text.c	text_bon_dance_haa	.0:0Ha~ Ah~	.0:0哈～啊～	draft	
games/bon_odori/bon_dance_text.c:text_bon_dance_hanabi_agare_ba	games/bon_odori/bon_dance_text.c	text_bon_dance_hanabi_agare_ba	.0:0Hanabi agare ba~	.0:0如果烟花绽放啦～	draft	
games/bon_odori/bon_dance_text.c:text_bon_dance_hora_matsuri_da_wasshoi	games/bon_odori/bon_dance_text.c	text_bon_dance_hora_matsuri_da_wasshoi	.0:0Hora! Matsuri da wasshoi!	.0:0看啊！盛大节日 哇—咻—！	draft	
games/bon_odori/bon_dance_text.c:text_bon_dance_kansei_agaru	games/bon_odori/bon_dance_text.c	text_bon_dance_kansei_agaru	.0:0Kansei agaru~	.0:0大家都欢声笑语～	draft	
games/bon_odori/bon_dance_text.c:text_bon_dance_korezo	games/bon_odori/bon_dance_text.c	text_bon_dance_korezo	.0:0Korezo	.0:0这就是	draft	
games/bon_odori/bon_dance_text.c:text_bon_dance_kyuryo_agaru	games/bon_odori/bon_dance_text.c	text_bon_dance_kyuryo_agaru	.0:0Kyuryou agaru~	.0:0大家有更多工资～	draft	
games/bon_odori/bon_dance_text.c:text_bon_dance_matsuri_da_wasshoi	games/bon_odori/bon_dance_text.c	text_bon_dance_matsuri_da_wasshoi	.0:0Matsuri da wasshoi!	.0:0整个日本 哇—咻—！	draft	
games/bon_odori/bon_dance_text.c:text_bon_dance_meido_in_japan	games/bon_odori/bon_dance_text.c	text_bon_dance_meido_in_japan	.0:0made in Ja.2PAN	Made in Japan	draft	control codes need review
games/bon_odori/bon_dance_text.c:text_bon_dance_ninki_agare_ba	games/bon_odori/bon_dance_text.c	text_bon_dance_ninki_agare_ba	.0:0Ninki agare ba~	.0:0如果人气兴旺啊～	draft	
games/bon_odori/bon_dance_text.c:text_bon_dance_nippon_chu_ga_wasshoi	games/bon_odori/bon_dance_text.c	text_bon_dance_nippon_chu_ga_wasshoi	.0:0Nippon chuu ga wasshoi!	.0:0在节日中 哇—咻—！	draft	
games/bon_odori/bon_dance_text.c:text_bon_dance_pan	games/bon_odori/bon_dance_text.c	text_bon_dance_pan	.2:0Pan	.2:0嗙	draft	
games/bon_odori/bon_dance_text.c:text_bon_dance_pan_pan_dondo_don	games/bon_odori/bon_dance_text.c	text_bon_dance_pan_pan_dondo_don	.2:0Pan pan .1:0dondo don	嗙　嗙　咚咚　咚	draft	control codes need review
games/bon_odori/bon_dance_text.c:text_bon_dance_pan_panpa_pa	games/bon_odori/bon_dance_text.c	text_bon_dance_pan_panpa_pa	.2:0Pa-n panpa pan	.2:0嗙　嗙嗙　嗙	draft	
games/bon_odori/bon_dance_text.c:text_bon_dance_panpa_don_pan	games/bon_odori/bon_dance_text.c	text_bon_dance_panpa_don_pan	.2:0Panpa .1:0do-n .2:0pan	嗙嗙　咚　嗙	draft	control codes need review
games/bon_odori/bon_dance_text.c:text_bon_dance_panpa_dondo	games/bon_odori/bon_dance_text.c	text_bon_dance_panpa_dondo	.2:0Panpa .1:0dondo 	嗙嗙　咚咚	draft	control codes need review
games/bon_odori/bon_dance_text.c:text_bon_dance_sore_hikkuri_kaette	games/bon_odori/bon_dance_text.c	text_bon_dance_sore_hikkuri_kaette	.0:0Sore hikkuri kaette	.0:0嗖嘞 让我们转起圈来	draft	
games/bon_odori/bon_dance_text.c:text_bon_dance_yagura_ni_agaru	games/bon_odori/bon_dance_text.c	text_bon_dance_yagura_ni_agaru	.0:0Yagura ni agaru~	.0:0登上塔楼去眺望～	draft	
games/bon_odori/bon_odori_text.c:D_080676b4	games/bon_odori/bon_odori_text.c	D_080676b4	The first half was kinda rough...	前半段还差一点啊。	draft	
games/bon_odori/bon_odori_text.c:D_080676d4	games/bon_odori/bon_odori_text.c	D_080676d4	The first half was really good!	前半段很稳嘛！	draft	
games/bon_odori/bon_odori_text.c:D_080676ec	games/bon_odori/bon_odori_text.c	D_080676ec	The second half was sorta sloppy.	后半段气氛有点冷下来了啊。	final	
games/bon_odori/bon_odori_text.c:D_08067710	games/bon_odori/bon_odori_text.c	D_08067710	The second half was incredible!	后半段热起来啦〜！	draft	
games/bon_odori/bon_odori_text.c:D_08067730	games/bon_odori/bon_odori_text.c	D_08067730	It really ramped up near the end!	高潮部分很到位！！	draft	
games/bon_odori/bon_odori_text.c:D_08067754	games/bon_odori/bon_odori_text.c	D_08067754	The ending was pitch perfect!	最后收得很漂亮呢！	draft	
games/bon_odori/bon_odori_text.c:D_08067778	games/bon_odori/bon_odori_text.c	D_08067778	The audience says...	周围人的评价	draft	
games/bon_odori/bon_odori_text.c:D_08067a84	games/bon_odori/bon_odori_text.c	D_08067a84	.6:1Welcome to the Bon Festival!	.6:1来跳盆舞吧！	draft	
games/bon_odori/bon_odori_text.c:D_08067aa4	games/bon_odori/bon_odori_text.c	D_08067aa4	".6:1When we say \""Pan,\"" you clap!"	.6:1照着大家的样子拍手哦。	final	
games/bon_odori/bon_odori_text.c:D_08067ad0	games/bon_odori/bon_odori_text.c	D_08067ad0	.6:0Nice clapping!	.6:0ＯＫ！	draft	
games/bon_odori/bon_odori_text.c:D_08067adc	games/bon_odori/bon_odori_text.c	D_08067adc	".6:1When we say \""Panpa,\"" clap twice!"	.6:1再来一遍吧〜！	draft	
games/bon_odori/bon_odori_text.c:D_08067b00	games/bon_odori/bon_odori_text.c	D_08067b00	.6:1Looks like you've got it!	.6:1那么，正式上场可要加油哦！	draft	
games/bon_odori/bon_odori_text.c:text_bon_odori_ame_ga_agare_ba	games/bon_odori/bon_odori_text.c	text_bon_odori_ame_ga_agare_ba	.0:0Ame ga agare ba~	.0:0如果雨停了的话～	draft	
games/bon_odori/bon_odori_text.c:text_bon_odori_don_don_pan	games/bon_odori/bon_odori_text.c	text_bon_odori_don_don_pan	.1:0Do-n do-n .2:0pan	咚　咚　嗙	draft	control codes need review
games/bon_odori/bon_odori_text.c:text_bon_odori_don_don_pan_pan	games/bon_odori/bon_odori_text.c	text_bon_odori_don_don_pan_pan	.1:0Do-n do-n .2:0pa-n pa-n	咚　咚　嗙　嗙	draft	control codes need review
games/bon_odori/bon_odori_text.c:text_bon_odori_don_don_pan_pan_2	games/bon_odori/bon_odori_text.c	text_bon_odori_don_don_pan_pan_2	.1:0Do-n do-n .2:0pa-n pan	咚　咚　嗙　嗙	draft	control codes need review
games/bon_odori/bon_odori_text.c:text_bon_odori_don_pan_pan	games/bon_odori/bon_odori_text.c	text_bon_odori_don_pan_pan	.1:0Do-n .2:0pa-n pan	咚　嗙　嗙	draft	control codes need review
games/bon_odori/bon_odori_text.c:text_bon_odori_dondo_pan_pan	games/bon_odori/bon_odori_text.c	text_bon_odori_dondo_pan_pan	.1:0Dondo .2:0pa-n pan	咚咚　嗙　嗙	draft	control codes need review
games/bon_odori/bon_odori_text.c:text_bon_odori_dondo_panpa	games/bon_odori/bon_odori_text.c	text_bon_odori_dondo_panpa	.1:0Dondo .2:0panpa	咚咚　嗙嗙	draft	control codes need review
games/bon_odori/bon_odori_text.c:text_bon_odori_dondo_panpa_dondo_panpa	games/bon_odori/bon_odori_text.c	text_bon_odori_dondo_panpa_dondo_panpa	.1:0Dondo .2:0panpa .1:0dondo .2:0panpa	咚咚　嗙嗙　咚咚　嗙嗙	draft	control codes need review
games/bon_odori/bon_odori_text.c:text_bon_odori_ha	games/bon_odori/bon_odori_text.c	text_bon_odori_ha	.0:0Haa~	.0:0哈～	draft	
games/bon_odori/bon_odori_text.c:text_bon_odori_ha_bon_odori	games/bon_odori/bon_odori_text.c	text_bon_odori_ha_bon_odori	.0:0Ha~ Bon Odori	.0:0哈～　跳这盂兰盆舞	draft	
games/bon_odori/bon_odori_text.c:text_bon_odori_haa	games/bon_odori/bon_odori_text.c	text_bon_odori_haa	.0:0Ha~ Ah~	.0:0哈～啊～	draft	
games/bon_odori/bon_odori_text.c:text_bon_odori_hanabi_agare_ba	games/bon_odori/bon_odori_text.c	text_bon_odori_hanabi_agare_ba	.0:0Hanabi agare ba~	.0:0如果烟花绽放啦～	draft	
games/bon_odori/bon_odori_text.c:text_bon_odori_hora_matsuri_da_wasshoi	games/bon_odori/bon_odori_text.c	text_bon_odori_hora_matsuri_da_wasshoi	.0:0Hora! Matsuri da wasshoi!	.0:0看啊！盛大节日 哇—咻—！	draft	
games/bon_odori/bon_odori_text.c:text_bon_odori_kansei_agaru	games/bon_odori/bon_odori_text.c	text_bon_odori_kansei_agaru	.0:0Kansei agaru~	.0:0大家都欢声笑语～	draft	
games/bon_odori/bon_odori_text.c:text_bon_odori_korezo	games/bon_odori/bon_odori_text.c	text_bon_odori_korezo	.0:0Korezo	.0:0这就是	draft	
games/bon_odori/bon_odori_text.c:text_bon_odori_kyuryo_agaru	games/bon_odori/bon_odori_text.c	text_bon_odori_kyuryo_agaru	.0:0Kyuryou agaru~	.0:0大家有更多工资～	draft	
games/bon_odori/bon_odori_text.c:text_bon_odori_matsuri_da_wasshoi	games/bon_odori/bon_odori_text.c	text_bon_odori_matsuri_da_wasshoi	.0:0Matsuri da wasshoi!	.0:0整个日本　哇—咻—！	draft	
games/bon_odori/bon_odori_text.c:text_bon_odori_meido_in_japan	games/bon_odori/bon_odori_text.c	text_bon_odori_meido_in_japan	.0:0made in Ja.2PAN	Ｍａｄｅ　ｉｎ　Ｊａｐａｎ	draft	control codes need review
games/bon_odori/bon_odori_text.c:text_bon_odori_ninki_agare_ba	games/bon_odori/bon_odori_text.c	text_bon_odori_ninki_agare_ba	.0:0Ninki agare ba~	.0:0如果人气兴旺啊～	draft	
games/bon_odori/bon_odori_text.c:text_bon_odori_nippon_chu_ga_wasshoi	games/bon_odori/bon_odori_text.c	text_bon_odori_nippon_chu_ga_wasshoi	.0:0Nippon chuu ga wasshoi!	.0:0在节日中　哇—咻—！	draft	
games/bon_odori/bon_odori_text.c:text_bon_odori_pan_pan	games/bon_odori/bon_odori_text.c	text_bon_odori_pan_pan	.2:0Pan pan	.2:0嗙　嗙	draft	
games/bon_odori/bon_odori_text.c:text_bon_odori_sore_hikkuri_kaette	games/bon_odori/bon_odori_text.c	text_bon_odori_sore_hikkuri_kaette	.0:0Sore hikkuri kaette	.0:0嗖嘞　让我们转起圈来	draft	
games/bon_odori/bon_odori_text.c:text_bon_odori_yagura_ni_agaru	games/bon_odori/bon_odori_text.c	text_bon_odori_yagura_ni_agaru	.0:0Yagura ni agaru~	.0:0登上塔楼去眺望～	draft	
games/bouncy_road/bouncy_road_text.c:D_0805b778	games/bouncy_road/bouncy_road_text.c	D_0805b778	Word on the Wind	风声传闻	final	
games/bouncy_road/bouncy_road_text.c:D_0805b784	games/bouncy_road/bouncy_road_text.c	D_0805b784	Your basics need work.	基本功还不太行呢。	final	
games/bouncy_road/bouncy_road_text.c:D_0805b7a4	games/bouncy_road/bouncy_road_text.c	D_0805b7a4	The consecutive spheres made you panic...	连续来球时，失误有点太多了呢。	final	
games/bouncy_road/bouncy_road_text.c:D_0805b7cc	games/bouncy_road/bouncy_road_text.c	D_0805b7cc	You handled all those spheres with ease!	连续接球太漂亮啦！	final	
games/bouncy_road/bouncy_road_text.c:D_0805b7f8	games/bouncy_road/bouncy_road_text.c	D_0805b7f8	Your timing was on point!	刚才判断得不错啊！	final	
games/bouncy_road/bouncy_road_text.c:D_0805b810	games/bouncy_road/bouncy_road_text.c	D_0805b810	Word on the Wind	风声传闻	final	
games/bouncy_road/bouncy_road_text.c:D_0805b820	games/bouncy_road/bouncy_road_text.c	D_0805b820	Your basics need work.	基本功还不太行呢。	final	
games/bouncy_road/bouncy_road_text.c:D_0805b840	games/bouncy_road/bouncy_road_text.c	D_0805b840	The consecutive spheres made you panic...	连续来球时，失误有点太多了呢。	final	
games/bouncy_road/bouncy_road_text.c:D_0805b868	games/bouncy_road/bouncy_road_text.c	D_0805b868	You handled all those spheres with ease!	连续接球太漂亮啦！	final	
games/bouncy_road/bouncy_road_text.c:D_0805b894	games/bouncy_road/bouncy_road_text.c	D_0805b894	Keeping your cool would help your timing.	得冷静判断时机才行呢。	final	
games/bouncy_road/bouncy_road_text.c:D_0805b8b8	games/bouncy_road/bouncy_road_text.c	D_0805b8b8	Your timing was on point!	刚才判断得不错啊！	final	
games/bouncy_road/bouncy_road_text.c:D_0805b8d0	games/bouncy_road/bouncy_road_text.c	D_0805b8d0	Word on the Wind	风声传闻	final	
games/bunny_hop/bunny_hop_text.c:D_0805cbbc	games/bunny_hop/bunny_hop_text.c	D_0805cbbc	You were a little unsteady.	节奏有点不稳哦。	final	
games/bunny_hop/bunny_hop_text.c:D_0805cbd4	games/bunny_hop/bunny_hop_text.c	D_0805cbd4	Nice, steady rhythm!	节奏很稳呢！	final	
games/bunny_hop/bunny_hop_text.c:D_0805cbec	games/bunny_hop/bunny_hop_text.c	D_0805cbec	You couldn't find your flow...	你好像还没抓到整体节奏…	final	
games/bunny_hop/bunny_hop_text.c:D_0805cc10	games/bunny_hop/bunny_hop_text.c	D_0805cc10	Your flow is on point!	你已经抓到整体节奏啦！	final	
games/bunny_hop/bunny_hop_text.c:D_0805cc28	games/bunny_hop/bunny_hop_text.c	D_0805cc28	You missed the breaks.	空拍后的起跳有点不准呢。	final	
games/bunny_hop/bunny_hop_text.c:D_0805cc48	games/bunny_hop/bunny_hop_text.c	D_0805cc48	You nailed the breaks!	空拍后的起跳很漂亮——！！	final	
games/bunny_hop/bunny_hop_text.c:D_0805cc68	games/bunny_hop/bunny_hop_text.c	D_0805cc68	Next...	接下来	final	
games/bunny_hop/bunny_hop_text.c:D_0805cc70	games/bunny_hop/bunny_hop_text.c	D_0805cc70	rest for a two-count.	要空 2 拍哦	final	
games/bunny_hop/bunny_hop_text.c:D_0805cc84	games/bunny_hop/bunny_hop_text.c	D_0805cc84	rest for a four-count.	要空 4 拍哦	final	
games/bunny_hop/bunny_hop_text.c:D_0805cc94	games/bunny_hop/bunny_hop_text.c	D_0805cc94	1	1	final	
games/bunny_hop/bunny_hop_text.c:D_0805cc98	games/bunny_hop/bunny_hop_text.c	D_0805cc98	2	2	final	
games/bunny_hop/bunny_hop_text.c:D_0805cc9c	games/bunny_hop/bunny_hop_text.c	D_0805cc9c	3	3	final	
games/bunny_hop/bunny_hop_text.c:D_0805cca0	games/bunny_hop/bunny_hop_text.c	D_0805cca0	4	4	final	
games/bunny_hop/bunny_hop_text.c:D_0805cca4	games/bunny_hop/bunny_hop_text.c	D_0805cca4	rest for an eight-count.	要空 8 拍哦	final	
games/bunny_hop/bunny_hop_text.c:D_0805ccb4	games/bunny_hop/bunny_hop_text.c	D_0805ccb4	Sea friends' report:	海中伙伴们的声音	final	
games/bunny_hop/bunny_hop_text.c:D_0805ccb8	games/bunny_hop/bunny_hop_text.c	D_0805ccb8	                    Press  on beat to hop across.	　　　　　　　　　　　　　　　　　　　　跟着音乐按ゝ来跳跃吧！	final	
games/bunny_hop/bunny_hop_text.c:D_0805ccb9	games/bunny_hop/bunny_hop_text.c	D_0805ccb9	Go!	那就跳起来吧！	final	
games/bunny_hop/bunny_hop_text.c:D_0805ccc5	games/bunny_hop/bunny_hop_text.c	D_0805ccc5	Ready?	准备好了吗？	final	
games/clappy_trio/clappy_trio_text.c:D_0805ad94	games/clappy_trio/clappy_trio_text.c	D_0805ad94	Work on your basics.	基本功还没做到位呢。	final	
games/clappy_trio/clappy_trio_text.c:D_0805adb4	games/clappy_trio/clappy_trio_text.c	D_0805adb4	You struggled with the syncopated parts.	看来你不太擅长反拍呢。	final	
games/clappy_trio/clappy_trio_text.c:D_0805add0	games/clappy_trio/clappy_trio_text.c	D_0805add0	Your syncopation sounded great!	反拍拍得太棒啦！	final	
games/clappy_trio/clappy_trio_text.c:D_0805ade8	games/clappy_trio/clappy_trio_text.c	D_0805ade8	You missed more in the slow parts.	放慢那段有点不对劲啊。	final	
games/clappy_trio/clappy_trio_text.c:D_0805ae08	games/clappy_trio/clappy_trio_text.c	D_0805ae08	You showed a great sense of flow.	你已经抓到节奏走向啦！	final	
games/clappy_trio/clappy_trio_text.c:D_0805ae1c	games/clappy_trio/clappy_trio_text.c	D_0805ae1c	You couldn't keep up in the fast parts.	快节奏很完美！	final	
games/clappy_trio/clappy_trio_text.c:D_0805ae34	games/clappy_trio/clappy_trio_text.c	D_0805ae34	Peer Review	伙伴们的心声	final	
games/clappy_trio/clappy_trio_text.c:D_0805ae40	games/clappy_trio/clappy_trio_text.c	D_0805ae40	Work on your basics.	基本功还没做到位呢。	final	
games/clappy_trio/clappy_trio_text.c:D_0805ae60	games/clappy_trio/clappy_trio_text.c	D_0805ae60	You struggled with the syncopated parts.	看来你不太擅长反拍呢。	final	
games/clappy_trio/clappy_trio_text.c:D_0805ae7c	games/clappy_trio/clappy_trio_text.c	D_0805ae7c	Your syncopation sounded great!	反拍拍得太棒啦！	final	
games/clappy_trio/clappy_trio_text.c:D_0805ae90	games/clappy_trio/clappy_trio_text.c	D_0805ae90	You missed more in the slow parts.	放慢那段有点不对劲啊。	final	
games/clappy_trio/clappy_trio_text.c:D_0805aeb0	games/clappy_trio/clappy_trio_text.c	D_0805aeb0	You showed a great sense of flow.	你已经抓到节奏走向啦！	final	
games/clappy_trio/clappy_trio_text.c:D_0805aec8	games/clappy_trio/clappy_trio_text.c	D_0805aec8	You couldn't keep up in the fast parts.	节奏一忙起来，你就有点顶不住了…	final	
games/clappy_trio/clappy_trio_text.c:D_0805aee8	games/clappy_trio/clappy_trio_text.c	D_0805aee8	You were on top of the fast parts!	节奏忙起来那段很完美！	final	
games/clappy_trio/clappy_trio_text.c:D_0805af08	games/clappy_trio/clappy_trio_text.c	D_0805af08	Peer Review	伙伴们的心声	final	
games/clappy_trio/clappy_trio_text.c:D_0805af14	games/clappy_trio/clappy_trio_text.c	D_0805af14	Hi, we're the Clappy Trio!	我们是啪叽啪叽三人组	final	
games/clappy_trio/clappy_trio_text.c:D_0805af30	games/clappy_trio/clappy_trio_text.c	D_0805af30	We clap our hands on a steady beat.	我们要一下一下均匀地拍手哦。	final	
games/clappy_trio/clappy_trio_text.c:D_0805af48	games/clappy_trio/clappy_trio_text.c	D_0805af48	You do the third clap, OK?	你负责第 3 下	final	
games/clappy_trio/clappy_trio_text.c:D_0805af60	games/clappy_trio/clappy_trio_text.c	D_0805af60	Let's practise!	那，先来练练吧	final	
games/clappy_trio/clappy_trio_text.c:D_0805af7c	games/clappy_trio/clappy_trio_text.c	D_0805af7c	Press  for the third clap.	（用 A 键拍第 3 下哦）	final	
games/clappy_trio/clappy_trio_text.c:D_0805afa0	games/clappy_trio/clappy_trio_text.c	D_0805afa0	OK.	OK	final	
games/clappy_trio/clappy_trio_text.c:D_0805afa8	games/clappy_trio/clappy_trio_text.c	D_0805afa8	Just like that.	就是这种感觉	final	
games/clappy_trio/clappy_trio_text.c:D_0805afb8	games/clappy_trio/clappy_trio_text.c	D_0805afb8	Let's speed it up a bit.	接下来会稍微快一点	final	
games/clappy_trio/clappy_trio_text.c:D_0805afd0	games/clappy_trio/clappy_trio_text.c	D_0805afd0	OK.	OK	final	
games/clappy_trio/clappy_trio_text.c:D_0805afd4	games/clappy_trio/clappy_trio_text.c	D_0805afd4	It's time for our show! Clap like you mean it!	那么，正式开始！	final	
games/clappy_trio/snappy_trio_text.c:D_08067bc4	games/clappy_trio/snappy_trio_text.c	D_08067bc4	Not exactly our best show...	不太行呢…	final	
games/clappy_trio/snappy_trio_text.c:D_08067bdc	games/clappy_trio/snappy_trio_text.c	D_08067bdc	That was an awesome show!	挺不错哦！	final	
games/clappy_trio/snappy_trio_text.c:D_08067bf4	games/clappy_trio/snappy_trio_text.c	D_08067bf4	The slow parts gave you a bit of trouble.	一放慢下来，就有点不对劲了…	final	
games/clappy_trio/snappy_trio_text.c:D_08067c1c	games/clappy_trio/snappy_trio_text.c	D_08067c1c	You got the slow parts pretty well!	放慢那段处理得不错哦！	final	
games/clappy_trio/snappy_trio_text.c:D_08067c44	games/clappy_trio/snappy_trio_text.c	D_08067c44	You got THAT part down! Impressive!	那种地方你都能卡准啊〜！太厉害啦！！	final	
games/clappy_trio/snappy_trio_text.c:D_08067c74	games/clappy_trio/snappy_trio_text.c	D_08067c74	Peer Review	伙伴们的心声	final	
games/drum_intro/drum_intro_unused_2_text.c:D_0805d8d8	games/drum_intro/drum_intro_unused_2_text.c	D_0805d8d8	\nWith that, let's begin!	那么，开始吧。	final	
games/drum_intro/drum_intro_unused_2_text.c:D_0805d8ec	games/drum_intro/drum_intro_unused_2_text.c	D_0805d8ec	\nOnto the next one!	下一段，开始。	final	
games/drum_intro/drum_intro_unused_2_text.c:D_0805d900	games/drum_intro/drum_intro_unused_2_text.c	D_0805d900	\nThis one's a short waltz!	接下来是 3 拍子。	final	
games/drum_intro/drum_intro_unused_2_text.c:D_0805d914	games/drum_intro/drum_intro_unused_2_text.c	D_0805d914	\nNow for the last one!	好，那就是最后啦。	final	
games/drum_intro/drum_intro_unused_2_text.c:D_0805d928	games/drum_intro/drum_intro_unused_2_text.c	D_0805d928	\n...And that's it!	以上就是这些。	final	control codes need review
games/drum_intro/drum_intro_unused_2_text.c:D_0805d934	games/drum_intro/drum_intro_unused_2_text.c	D_0805d934	That was some good practice.\nHow'd you like it?\nKeep it in the back of your\nmind for later!	"刚才这段开头练习，
感觉怎么样？
以后演奏的时候，
可要记住哦！"	final	
games/drum_intro/drum_intro_unused_2_text.c:D_0805d97c	games/drum_intro/drum_intro_unused_2_text.c	D_0805d97c	\nI'll see you next time.\nUntill then, bye!	"那么，下次再见。
再会啦。"	final	
games/drum_intro/drum_intro_unused_2_text.c:D_0805d9a8	games/drum_intro/drum_intro_unused_2_text.c	D_0805d9a8	\nOh, hello again.\nI'm Samurai Drummer.	"啊，你好。
我是鼓武士。"	final	
games/drum_intro/drum_intro_unused_2_text.c:D_0805d9c8	games/drum_intro/drum_intro_unused_2_text.c	D_0805d9c8	Well...\nI believe that this is\nthe second time we've met.\nNice to see you again!	"呃…
这已经是第 2 次了呢。
能再见到你，我很高兴！"	final	
games/drum_intro/drum_intro_unused_2_text.c:D_0805da00	games/drum_intro/drum_intro_unused_2_text.c	D_0805da00	The start is usually the most\nimportant part in anything.\nAnd I think the same thing\napplies when playing music.	"你看，很多事情里
最开始那一下往往都很关键，对吧？
演奏也是一样的，
不是吗？"	final	
games/drum_intro/drum_intro_unused_2_text.c:D_0805da5c	games/drum_intro/drum_intro_unused_2_text.c	D_0805da5c	"Alright, lesson 2.\nLet's practice the\n\""start\"" of the music."	"课程 2 要练的，
就是曲子的开头。"	final	
games/drum_intro/drum_intro_unused_2_text.c:D_0805da84	games/drum_intro/drum_intro_unused_2_text.c	D_0805da84	Let me count for you.\nWhen the song starts,\npress  and  together\nat the same time.	"我来数拍，
请在曲子开始时
同时按下 B 键和
R 键（肩键）。"	final	
games/drum_intro/drum_intro_unused_3_text.c:D_0805e42c	games/drum_intro/drum_intro_unused_3_text.c	D_0805e42c	Hi there!\nI'm Samurai Drummer.	"你好！
我是鼓武士。"	final	
games/drum_intro/drum_intro_unused_3_text.c:D_0805e444	games/drum_intro/drum_intro_unused_3_text.c	D_0805e444	How have you been?	最近还好吗？	final	
games/drum_intro/drum_intro_unused_3_text.c:D_0805e458	games/drum_intro/drum_intro_unused_3_text.c	D_0805e458	This lesson, let's play along\nwith a short music track.	"这次，就配着一首短曲
实际演奏一下吧。"	final	
games/drum_intro/drum_intro_unused_3_text.c:D_0805e490	games/drum_intro/drum_intro_unused_3_text.c	D_0805e490	Listen closely,\nthen repeat after me.	"请仔细听我的演奏，
然后照着打。"	final	
games/drum_intro/drum_intro_unused_3_text.c:D_0805e4c0	games/drum_intro/drum_intro_unused_3_text.c	D_0805e4c0	I'll get right to it.	那就马上开始吧。	final	
games/drum_intro/drum_intro_unused_3_text.c:D_0805e4e0	games/drum_intro/drum_intro_unused_3_text.c	D_0805e4e0	No, that's not right!\nListen to me again.	"不对！
要仔细听哦。"	final	
games/drum_intro/drum_intro_unused_3_text.c:D_0805e4f8	games/drum_intro/drum_intro_unused_3_text.c	D_0805e4f8	Still not right!\nListen carefully.	"不对啦！
要再、更仔细地听哦。"	final	
games/drum_intro/drum_intro_unused_3_text.c:D_0805e530	games/drum_intro/drum_intro_unused_3_text.c	D_0805e530	\nNow for your turn.	轮到你啦。	final	
games/drum_intro/drum_intro_unused_3_text.c:D_0805e544	games/drum_intro/drum_intro_unused_3_text.c	D_0805e544	\nAlright, let's try again!	来，再试一次！	final	
games/drum_intro/drum_intro_unused_3_text.c:D_0805e55c	games/drum_intro/drum_intro_unused_3_text.c	D_0805e55c	\nCome on! You'll get it this time!	来，这次一定行！	final	
games/drum_intro/drum_intro_unused_3_text.c:D_0805e584	games/drum_intro/drum_intro_unused_3_text.c	D_0805e584	\nOK!	OK!	final	
games/drum_intro/drum_intro_unused_3_text.c:D_0805e590	games/drum_intro/drum_intro_unused_3_text.c	D_0805e590	Good, you've got it now!	哦，你一下就做到了！	final	
games/drum_intro/drum_intro_unused_3_text.c:D_0805e5ac	games/drum_intro/drum_intro_unused_3_text.c	D_0805e5ac	You're a quick learner!	你上手还真快啊！	final	
games/drum_intro/drum_intro_unused_3_text.c:D_0805e5d0	games/drum_intro/drum_intro_unused_3_text.c	D_0805e5d0	Nicely done!	感觉不错。	final	
games/drum_intro/drum_intro_unused_3_text.c:D_0805e5f8	games/drum_intro/drum_intro_unused_3_text.c	D_0805e5f8	Next, let's start off the song\nwith a crash.\nPress  to hit the cymbals.	"接下来，试着在曲子开头
加一下镲吧。
镲是 R 键。"	final	
games/drum_intro/drum_intro_unused_3_text.c:D_0805e64c	games/drum_intro/drum_intro_unused_3_text.c	D_0805e64c	You only need to press both\n and  at the same time\nonce.	"也就是说，只有最开始
要同时按下 B 键和 R 键。"	final	
games/drum_intro/drum_intro_unused_3_text.c:D_0805e684	games/drum_intro/drum_intro_unused_3_text.c	D_0805e684	We went over this in the\nprevious lesson, so remember\nour practice from then.	回想一下曲子开头的练习哦。	final	
games/drum_intro/drum_intro_unused_3_text.c:D_0805e6b0	games/drum_intro/drum_intro_unused_3_text.c	D_0805e6b0	With that, let's start!	那，开始吧。	final	
games/drum_intro/drum_intro_unused_3_text.c:D_0805e6d4	games/drum_intro/drum_intro_unused_3_text.c	D_0805e6d4	Great work!\nKeep it up!	"太棒了！
就是这个感觉。"	final	
games/drum_intro/drum_intro_unused_3_text.c:D_0805e6f0	games/drum_intro/drum_intro_unused_3_text.c	D_0805e6f0	Did you find that too easy?	是不是还挺简单的？	final	
games/drum_intro/drum_intro_unused_3_text.c:D_0805e70c	games/drum_intro/drum_intro_unused_3_text.c	D_0805e70c	That was hard, right?	稍微费了点劲呢。	final	
games/drum_intro/drum_intro_unused_3_text.c:D_0805e744	games/drum_intro/drum_intro_unused_3_text.c	D_0805e744	Let's end this on a high note!	"那么接下来，试着把曲子的结尾
收得漂亮一点吧。"	final	
games/drum_intro/drum_intro_unused_3_text.c:D_0805e778	games/drum_intro/drum_intro_unused_3_text.c	D_0805e778	Here's a demonstration.	示范来了。	final	
games/drum_intro/drum_intro_unused_3_text.c:D_0805e7a0	games/drum_intro/drum_intro_unused_3_text.c	D_0805e7a0	\nGood luck!	加油！	final	
games/drum_intro/drum_intro_unused_3_text.c:D_0805e7c0	games/drum_intro/drum_intro_unused_3_text.c	D_0805e7c0	You did it all in one go!\nI can't believe it!	"居然 1 次就做到了！
太厉害啦！"	final	
games/drum_intro/drum_intro_unused_3_text.c:D_0805e7ec	games/drum_intro/drum_intro_unused_3_text.c	D_0805e7ec	You did it in only two attempts!\nGood job!	"只用了 2 次就成功啦！
真有你的！"	final	
games/drum_intro/drum_intro_unused_3_text.c:D_0805e818	games/drum_intro/drum_intro_unused_3_text.c	D_0805e818	You pulled it off in the end!\nThat's pretty good!	"总算做到了呢！
感觉很不错哦！"	final	
games/drum_intro/drum_intro_unused_3_text.c:D_0805e858	games/drum_intro/drum_intro_unused_3_text.c	D_0805e858	Since you've aced all the\nparts of a song, I think you'll\nenjoy my drum lessons!	"像这样，把曲子的开头、
中段和收尾都打出来的话，
演奏起来就会更有意思。"	final	
games/drum_intro/drum_intro_unused_3_text.c:D_0805e8c0	games/drum_intro/drum_intro_unused_3_text.c	D_0805e8c0	You can play them in the\nbonus corner. Have fun!	"去那个区域多练几次，
好好享受演奏吧。"	final	
games/drum_intro/drum_intro_unused_3_text.c:D_0805e8f8	games/drum_intro/drum_intro_unused_3_text.c	D_0805e8f8	Well, see you later!\nGoodbye for now!	"那么，下回见。
再会啦。"	final	
games/drum_intro/drum_intro_unused_text.c:D_0805d438	games/drum_intro/drum_intro_unused_text.c	D_0805d438	\nOh, hi there.\nI'm Samurai Drummer.	"啊，你好。
我是鼓武士。"	final	
games/drum_intro/drum_intro_unused_text.c:D_0805d458	games/drum_intro/drum_intro_unused_text.c	D_0805d458	Do you like drums?\nI guess you don't hate them,\nat least.\nWant me to help you play?	"你喜欢打鼓吗？
应该不讨厌吧。
那么，接下来
就让我来带你吧。"	final	
games/drum_intro/drum_intro_unused_text.c:D_0805d4b4	games/drum_intro/drum_intro_unused_text.c	D_0805d4b4	Let me give you a lecture.\n...Relax! Don't worry!\nJust follow along,\nit'll be a fun one!	"我来给你做个
简单的讲解。
放轻松点，
陪我练一练吧。"	final	
games/drum_intro/drum_intro_unused_text.c:D_0805d508	games/drum_intro/drum_intro_unused_text.c	D_0805d508	First off, lesson 1.\nI'll play you a pattern,\nand you copy after me.	"那么，马上开始
课程 1。
我会先做示范，
你跟着学哦。"	final	
games/drum_intro/drum_intro_unused_text.c:D_0805d554	games/drum_intro/drum_intro_unused_text.c	D_0805d554	\nOkay! Here we go!	那么，开始吧。	final	
games/drum_intro/drum_intro_unused_text.c:D_0805d568	games/drum_intro/drum_intro_unused_text.c	D_0805d568	Give it a shot\nWhen you're ready!	好，请吧。	final	
games/drum_intro/drum_intro_unused_text.c:D_0805d57c	games/drum_intro/drum_intro_unused_text.c	D_0805d57c	Alright, I'm kidding!\nSorry about that.	"刚才那是开玩笑的。
不好意思。"	final	
games/drum_intro/drum_intro_unused_text.c:D_0805d5a4	games/drum_intro/drum_intro_unused_text.c	D_0805d5a4	I'll try to make sure you're\nhaving a good time.\nJust try your best.	"不过，为了让你学会，
我会尽全力帮你，
你也加油试试看吧。"	final	
games/drum_intro/drum_intro_unused_text.c:D_0805d5ec	games/drum_intro/drum_intro_unused_text.c	D_0805d5ec	\nSee you in the next lesson.\nGoodbye!	"那么，下次再见。
再会啦。"	final	
games/drum_intro/drum_samurai_cutscene_text.c:D_0805df4c	games/drum_intro/drum_samurai_cutscene_text.c	D_0805df4c	Welcome to the\nfunky world of\nRhythm Paradise Advance!	"Welcome to
this funky game,
the JIEZOU-
TIANGUO world!!"	final	
games/drum_intro/drum_samurai_cutscene_text.c:D_0805df88	games/drum_intro/drum_samurai_cutscene_text.c	D_0805df88	I hope you enjoy your time\nwith this game!	"欢迎来到节奏天国！
请尽情享受
这段 funky 的时光吧！"	final	
games/drum_intro/drum_samurai_cutscene_text.c:D_0805dfcc	games/drum_intro/drum_samurai_cutscene_text.c	D_0805dfcc	\nWell, see you later!	"那么，稍后
再见吧！
see you!"	final	
games/drum_intro/drum_samurai_cutscene_text.c:D_0805e000	games/drum_intro/drum_samurai_cutscene_text.c	D_0805e000	Everyone has a\nsense of rhythm in\nsome form or fashion.	"节奏感
是每个人都
潜在拥有的
一种感觉。"	final	
games/drum_intro/drum_samurai_cutscene_text.c:D_0805e03c	games/drum_intro/drum_samurai_cutscene_text.c	D_0805e03c	And if you pay attention to it,\nthat sense of rhythm can\nbe sharpened like any skill.	"只要有意识地去体会，
节奏感
就会越来越好。"	final	
games/drum_intro/drum_samurai_cutscene_text.c:D_0805e070	games/drum_intro/drum_samurai_cutscene_text.c	D_0805e070	Why don't we take a\nquick look at your\nsense of rhythm?	"那么首先，
先来简单看看
你的节奏感怎么样吧。"	final	
games/drum_intro/drum_samurai_cutscene_text.c:D_0805e0a8	games/drum_intro/drum_samurai_cutscene_text.c	D_0805e0a8	How did you do? Did you get\na score you're happy with?\n	"怎么样？
有拿到让自己满意的
结果吗？"	final	
games/drum_intro/drum_samurai_cutscene_text.c:D_0805e0d8	games/drum_intro/drum_samurai_cutscene_text.c	D_0805e0d8	Well, your sense of\nrhythm can only grow\nwith some practice, so...	"潜在的节奏感
是可以通过训练
成长起来的。"	final	
games/drum_intro/drum_samurai_cutscene_text.c:D_0805e10c	games/drum_intro/drum_samurai_cutscene_text.c	D_0805e10c	...how about trying out\nsome rhythm games? You\nmight find it getting\nsharper and sharper!	"接下来登场的
都是些很有节奏感的游戏。
请一边开心地玩，
一边磨练你的节奏感吧。"	final	
games/drum_intro/drum_samurai_cutscene_text.c:D_0805e15c	games/drum_intro/drum_samurai_cutscene_text.c	D_0805e15c	With that, I'll see you around!	"那么，待会儿
再见吧。"	final	
games/drum_intro/tanuki_and_monkey_text.c:D_0805dcb8	games/drum_intro/tanuki_and_monkey_text.c	D_0805dcb8	Bzz!\nGame over for you!\nLooks like we win!	"呼呼——！！
游戏结束啦！
这次是我们赢啦！"	final	
games/drum_intro/tanuki_and_monkey_text.c:D_0805dcf0	games/drum_intro/tanuki_and_monkey_text.c	D_0805dcf0	Try taking us on again,\nsometime!	再来挑战哦！	final	
games/drum_intro/tanuki_and_monkey_text.c:D_0805dd04	games/drum_intro/tanuki_and_monkey_text.c	D_0805dd04	We lose!\nYou win!	"服啦！
这次是你赢了！！"	final	
games/drum_intro/tanuki_and_monkey_text.c:D_0805dd28	games/drum_intro/tanuki_and_monkey_text.c	D_0805dd28	Come play with us again,\nsometime!	还要再来玩哦！	final	
games/drum_intro/tanuki_and_monkey_text.c:D_0805dd40	games/drum_intro/tanuki_and_monkey_text.c	D_0805dd40	\n\nHello!	你好呀！	final	
games/drum_intro/tanuki_and_monkey_text.c:D_0805dd50	games/drum_intro/tanuki_and_monkey_text.c	D_0805dd50	We're Ponta and Monkey.\nSamurai Drummer brought\nus here to play with you.	"我们是猴子和胖太。
是鼓武士先生介绍我们
过来的。"	final	
games/drum_intro/tanuki_and_monkey_text.c:D_0805dd90	games/drum_intro/tanuki_and_monkey_text.c	D_0805dd90	We'll be giving out\nthe lessons this time!	"这次就由我们
来教你哦！"	final	
games/drum_intro/tanuki_and_monkey_text.c:D_0805ddb8	games/drum_intro/tanuki_and_monkey_text.c	D_0805ddb8	Now, without further ado,\nlet's start the practice\nwith just  presses.	"那就马上开始，
先练 A 键。"	final	
games/drum_intro/tanuki_and_monkey_text.c:D_0805dde0	games/drum_intro/tanuki_and_monkey_text.c	D_0805dde0	Listen closely,\nthen repeat the pattern!	"仔细听好，
然后跟着做哦！"	final	
games/drum_intro/tanuki_and_monkey_text.c:D_0805ddfc	games/drum_intro/tanuki_and_monkey_text.c	D_0805ddfc	This time, Ponta will join in.\nPonta's part uses Down on .	"胖太也会加入。
胖太那边的声音
要按十字键下。"	final	
games/drum_intro/tanuki_and_monkey_text.c:D_0805de40	games/drum_intro/tanuki_and_monkey_text.c	D_0805de40	Now for a fast part.\nAlternating  and Right on \nwill make it much easier.	"接下来会快一点。
A 键和十字键右
交替按会轻松些哦。"	final	
games/drum_intro/tanuki_and_monkey_text.c:D_0805de88	games/drum_intro/tanuki_and_monkey_text.c	D_0805de88	This is the last bit of practice,\nas a heads up.	下一个练习就是最后啦。	final	
games/drum_intro/tanuki_and_monkey_text.c:D_0805dea0	games/drum_intro/tanuki_and_monkey_text.c	D_0805dea0	Is this too hard?\nGood luck!	"是不是有点难呀？
加油哦！"	final	
games/drum_intro/tanuki_and_monkey_text.c:D_0805dec0	games/drum_intro/tanuki_and_monkey_text.c	D_0805dec0	Alright! Brace yourself,\nit's time to start our\nrhythm battle!	"那么，就来和我们
比一场
节奏对决吧！"	final	
games/drum_intro/tanuki_and_monkey_text.c:D_0805def8	games/drum_intro/tanuki_and_monkey_text.c	D_0805def8	You have three chances\nto beat us for each pattern.	"每种花样
都有 3 次机会。"	final	
games/drum_intro/tanuki_and_monkey_text.c:D_0805df28	games/drum_intro/tanuki_and_monkey_text.c	D_0805df28	How long can you keep up\nwith us?	"那么，
你能跟到哪一步呢？"	final	
games/drum_live/drum_live_text.c:D_0805d398	games/drum_live/drum_live_text.c	D_0805d398	That was quite messy.  	感觉有点不稳啊。	final	
games/drum_live/drum_live_text.c:D_0805d3b0	games/drum_live/drum_live_text.c	D_0805d3b0	That seemed pretty cool!	挺帅的嘛！	final	
games/drum_live/drum_live_text.c:D_0805d3c4	games/drum_live/drum_live_text.c	D_0805d3c4	That one part felt off...	收尾那下感觉有点怪。	final	
games/drum_live/drum_live_text.c:D_0805d3e4	games/drum_live/drum_live_text.c	D_0805d3e4	You nailed that one part!	感觉还挺到位的！	final	
games/drum_live/drum_live_text.c:D_0805d404	games/drum_live/drum_live_text.c	D_0805d404	You were close to tripping yourself up.	感觉都快乱套了。	final	
games/drum_live/drum_live_text.c:D_0805d420	games/drum_live/drum_live_text.c	D_0805d420	You had a lot of energy!	气势很足嘛！	final	
games/drum_studio/drum_lesson_basic_1.bs:D_080613e4	games/drum_studio/drum_lesson_basic_1.bs	D_080613e4	Listen to my pattern, then\nrepeat when you're ready.\nI'll show it to you again\nif you stop playing.	"仔细听好再照着做哦。
想什么时候开始都可以。
停下演奏的话，
还能再听一遍示范哦！"	final	
games/drum_studio/drum_lesson_basic_1.bs:D_080614cc	games/drum_studio/drum_lesson_basic_1.bs	D_080614cc	\nHere's a new drumbeat!\nAlternate both  and  \nfor the fast beats.\n	"有一处会多一个音哦！
听得出来吗？"	final	
games/drum_studio/drum_lesson_basic_1.bs:D_08061578	games/drum_studio/drum_lesson_basic_1.bs	D_08061578	\nLet's add another drumbeat!\nLook out for it!\nI know you can handle it.\n	"还会再多一处哦！
听得出来吗？"	final	
games/drum_studio/drum_lesson_basic_1.bs:D_080615e4	games/drum_studio/drum_lesson_basic_1.bs	D_080615e4	\nAnd now for another\ndrumbeat right at the\nend! Can you get it?\n	"又会再多一处哦！
听得出来吗？"	final	
games/drum_studio/drum_lesson_basic_1.bs:D_08061704	games/drum_studio/drum_lesson_basic_1.bs	D_08061704	Welcome to Drum Lessons!\nLet's start off simple\nwith just the snare drum.\nWe'll add more beats later.\n	这次来试着敲一种叫军鼓的鼓吧。	final	
games/drum_studio/drum_lesson_basic_1.bs:D_08061740	games/drum_studio/drum_lesson_basic_1.bs	D_08061740	\nHit the snare with  or by\npressing Left on !\n	"按 A 键或十字键左，
都可以敲军鼓哦！"	final	
games/drum_studio/drum_lesson_basic_1.bs:D_0806178c	games/drum_studio/drum_lesson_basic_1.bs	D_0806178c	Don't be discouraged if you\nstruggle at first. You can\ntry as much as you need.\nWith that, let's begin!\n	"那么，马上开始上课吧！
"	final	
games/drum_studio/drum_lesson_basic_1.bs:D_080617bc	games/drum_studio/drum_lesson_basic_1.bs	D_080617bc	\nSee the lights up there?\nThose are Timing Lights!\n	"上面亮着的那排灯，
就是时机提示灯。"	final	
games/drum_studio/drum_lesson_basic_1.bs:D_080617f0	games/drum_studio/drum_lesson_basic_1.bs	D_080617f0	The lights blink to your timing:\nLeft if you're early,\nRight if you're late,\nCenter if you're on beat!	"中间的绿色就是正好！
偏左就是抢拍，
偏右就是慢了。"	final	
games/drum_studio/drum_lesson_basic_1.bs:D_0806183c	games/drum_studio/drum_lesson_basic_1.bs	D_0806183c	\nIf you're struggling to get the\ntiming down, look at the lamps\nto help fix your timing.	"要是总是打不准，
就看看上面的灯，
确认自己偏到哪边了哦！"	final	
games/drum_studio/drum_lesson_basic_1.bs:D_08061884	games/drum_studio/drum_lesson_basic_1.bs	D_08061884	\nNow then, let's get on\nwith the lesson!	好，接着下一段！	final	
games/drum_studio/drum_lesson_basic_1.bs:D_0806189c	games/drum_studio/drum_lesson_basic_1.bs	D_0806189c	If I'm going too fast and\nyou're having trouble,\nyou can press START.\n\n	"要是觉得演奏太快，
就按一下 START 键！
这样的话…"	final	
games/drum_studio/drum_lesson_basic_1.bs:D_080618d8	games/drum_studio/drum_lesson_basic_1.bs	D_080618d8	\nThat will slow down the tempo.\nThis way, you can get a good\nfeel for the patterns.\n	"演奏就会慢下来哦！
可以拿来参考看看。"	final	
games/drum_studio/drum_lesson_basic_1.bs:D_08061910	games/drum_studio/drum_lesson_basic_1.bs	D_08061910	\nPress the START Button\nagain to speed it back up\nand try it for real.	"想回到原来的速度，
再按一次 START 键就行。"	final	
games/drum_studio/drum_lesson_basic_1.bs:D_08061950	games/drum_studio/drum_lesson_basic_1.bs	D_08061950	\nThe lesson won't continue in\nslow mode, by the way. You'll\nneed to do it at normal speed.	"顺带一提，慢速播放时
课程是不会往下推进的。"	final	
games/drum_studio/drum_lesson_basic_1.bs:D_08061980	games/drum_studio/drum_lesson_basic_1.bs	D_08061980	\nNow, let's finish this lesson!	好，继续下一段吧！	final	
games/drum_studio/drum_lesson_basic_2.bs:D_08061998	games/drum_studio/drum_lesson_basic_2.bs	D_08061998	Listen to my pattern, then\nrepeat when you're ready.\nI'll show it to you again\nif you stop playing.	"仔细听好再照着做哦。
想什么时候开始都可以。
停下演奏的话，
还能再听一遍示范哦！"	final	
games/drum_studio/drum_lesson_basic_2.bs:D_08061a68	games/drum_studio/drum_lesson_basic_2.bs	D_08061a68	\nI swapped a bass beat\nout for a snare beat.\nHear the difference?	"有一处会换音哦！
听得出来吗？"	final	
games/drum_studio/drum_lesson_basic_2.bs:D_08061ae4	games/drum_studio/drum_lesson_basic_2.bs	D_08061ae4	\nNow, another beat swap!\nThink you can do it?\n	"还会再换一处音哦！
听得出来吗？"	final	
games/drum_studio/drum_lesson_basic_2.bs:D_08061b64	games/drum_studio/drum_lesson_basic_2.bs	D_08061b64	\nLet's throw in one\nmore bass beat!\nYou got this!	"这次会多一个音哦！
听得出来吗？"	final	
games/drum_studio/drum_lesson_basic_2.bs:D_08061c00	games/drum_studio/drum_lesson_basic_2.bs	D_08061c00	You hear that new bass beat?\nAlternating between both\n and Down on  should\nmake it easy!	"还会再多一个音哦！
听得出来吗？"	final	
games/drum_studio/drum_lesson_basic_2.bs:D_08061cb0	games/drum_studio/drum_lesson_basic_2.bs	D_08061cb0	Here's one more new beat!\nThis is the last set in this\nlesson, so show me what\nyou've learned!	"又会再多一个音哦！
听得出来吗？"	final	
games/drum_studio/drum_lesson_basic_2.bs:D_08061d18	games/drum_studio/drum_lesson_basic_2.bs	D_08061d18	\nIn this lesson,\nwe'll be using two drums:\nthe bass and the snare.\n	"这次要用底鼓和军鼓
这两种鼓来上课。"	final	
games/drum_studio/drum_lesson_basic_2.bs:D_08061d70	games/drum_studio/drum_lesson_basic_2.bs	D_08061d70	\nHit the bass drum with \nor by pressing Down on !\n	"按 B 键或十字键下，
都可以敲底鼓哦！"	final	
games/drum_studio/drum_lesson_basic_2.bs:D_08061dbc	games/drum_studio/drum_lesson_basic_2.bs	D_08061dbc	If you've played the last\nlesson, you know you can\nhit either  or Left on \nto play the snare.	"你应该已经知道了，
军鼓是用 A 键和
十字键左来敲的。"	final	
games/drum_studio/drum_lesson_basic_2.bs:D_08061e04	games/drum_studio/drum_lesson_basic_2.bs	D_08061e04	\nKeep all of that in mind\nas you play this set!\nLet's begin, taking it slow.\n	好，那就差不多开始吧〜	final	
games/drum_studio/drum_lesson_hi_tech_1.bs:D_0806557c	games/drum_studio/drum_lesson_hi_tech_1.bs	D_0806557c	Listen to my pattern, then\nrepeat when you're ready.\nI'll show it to you again\nif you stop playing.	"仔细听好再照着做哦。
想什么时候开始都可以。
停下演奏的话，
还能再听一遍示范哦！"	final	
games/drum_studio/drum_lesson_hi_tech_1.bs:D_0806582c	games/drum_studio/drum_lesson_hi_tech_1.bs	D_0806582c	\nLet's add some groove\nwith a little bit of hi-hat!\n	加上踩镲，让它更帅一点！	final	
games/drum_studio/drum_lesson_hi_tech_1.bs:D_08065ad0	games/drum_studio/drum_lesson_hi_tech_1.bs	D_08065ad0	If a little hi-hat adds\nsome groove, then even\nmore hi-hats should\nadd even more, right?\n	"再多加一点踩镲，
让它更帅一点！"	final	
games/drum_studio/drum_lesson_hi_tech_1.bs:D_08065d34	games/drum_studio/drum_lesson_hi_tech_1.bs	D_08065d34	\nLet's add a snare\nto end it all off!\nThink you've got this?	"最后再加一下军鼓哦！
听得出来吗？"	final	
games/drum_studio/drum_lesson_hi_tech_2.bs:D_08065f9c	games/drum_studio/drum_lesson_hi_tech_2.bs	D_08065f9c	Let's not jump into the\ndeep end yet - here's\na bit of a refresher.\nYou've got this!	"先来复习一下。
加油哦！"	final	
games/drum_studio/drum_lesson_hi_tech_2.bs:D_08066258	games/drum_studio/drum_lesson_hi_tech_2.bs	D_08066258	\nNow we start for real!\nListen carefully and\nfollow along closely.	"从这里开始就是关键了！
可要仔细听，
好好照着打哦！"	final	
games/drum_studio/drum_lesson_hi_tech_2.bs:D_08066480	games/drum_studio/drum_lesson_hi_tech_2.bs	D_08066480	\nLet's add a little more\nof the bass and snare.\nThink you got this?	"我会稍微再加一点
底鼓和军鼓哦！
能打出来吗？"	final	
games/drum_studio/drum_lesson_hi_tech_2.bs:D_080666c0	games/drum_studio/drum_lesson_hi_tech_2.bs	D_080666c0	Let's throw in another\nbass beat right in there!\nIt's in a really tricky spot,\nso give it your all in here!	"我来再加一个底鼓。
加油！"	final	
games/drum_studio/drum_lesson_hi_tech_2.bs:D_08066918	games/drum_studio/drum_lesson_hi_tech_2.bs	D_08066918	Here comes some more\nbass and snare beats!\nI know you can do it!\nPut your heart into it!	"接着再加底鼓和军鼓！！
你一定能行！
加油〜！！"	final	
games/drum_studio/drum_lesson_hi_tech_2.bs:D_08066ba4	games/drum_studio/drum_lesson_hi_tech_2.bs	D_08066ba4	\nAdd one more bass beat!\nStay focused and hit it\nlike there's no tomorrow!	"再加一个底鼓哦。
可要打漂亮点！！"	final	
games/drum_studio/drum_lesson_hi_tech_2.bs:D_08066e20	games/drum_studio/drum_lesson_hi_tech_2.bs	D_08066e20	Let's stack some cymbals\non top of the bass and snare\npattern from before! You're\ndoing amazing, keep it up!	"刚才那一下底鼓
要和镲一起打哦！
这下可难了！！
加油——！！"	final	
games/drum_studio/drum_lesson_hi_tech_2.bs:D_080670c4	games/drum_studio/drum_lesson_hi_tech_2.bs	D_080670c4	Okay! Now I've added one\nmore snare to the pattern!\nWe're so close to the grand\nfinale, stay determined!	"还要在这么难的地方
再加一个军鼓！！
只能上了！！！"	final	
games/drum_studio/drum_lesson_hi_tech_2.bs:D_08067370	games/drum_studio/drum_lesson_hi_tech_2.bs	D_08067370	This is it! The final pattern!\nJust one more tom beat!\nRide the rhythm and let it\nflow within your soul!	"这就是最后一段！
我会再加一个嗵鼓哦！
来一段流畅又帅气的
演奏吧！！"	final	
games/drum_studio/drum_lesson_hi_tech_2.bs:D_08067638	games/drum_studio/drum_lesson_hi_tech_2.bs	D_08067638	\nThis final lesson will use all\nthe techniques you've learned\nin the previous lessons!\n	这次要应用上一课的内容。	final	
games/drum_studio/drum_lesson_hi_tech_2.bs:D_08067668	games/drum_studio/drum_lesson_hi_tech_2.bs	D_08067668	\nThis is going to be very\nchallenging, especially if\nyou've skipped any of them!	"先完成前一课，
再来挑战哦！"	final	
games/drum_studio/drum_lesson_hi_tech_2.bs:D_0806769c	games/drum_studio/drum_lesson_hi_tech_2.bs	D_0806769c	\nAre you all set then?\nLet's get started!	那么，开始吧！	final	
games/drum_studio/drum_lesson_long_1.bs:D_080639f8	games/drum_studio/drum_lesson_long_1.bs	D_080639f8	Listen to my pattern, then\nrepeat when you're ready.\nI'll show it to you again\nif you stop playing.	"仔细听好再照着做哦。
想什么时候开始都可以。
停下演奏的话，
还能再听一遍示范哦！"	final	
games/drum_studio/drum_lesson_long_1.bs:D_08063b58	games/drum_studio/drum_lesson_long_1.bs	D_08063b58	\nLet's keep the beat tight\nwith a cymbal crash!\nThink you've got this?\n	"用镲把收尾稳稳收住哦！
这个你应该办得到吧？"	final	
games/drum_studio/drum_lesson_long_1.bs:D_08063bc8	games/drum_studio/drum_lesson_long_1.bs	D_08063bc8	\nTime to switch things up\nright at the very end!\nReady to play it?\n	"我会稍微改一点哦！
听得出来吗？"	final	
games/drum_studio/drum_lesson_long_1.bs:D_08063cd4	games/drum_studio/drum_lesson_long_1.bs	D_08063cd4	\nJust one new beat left!\nIt might seem simple,\nbut give it your all!\n	"只会多一个音哦！
这段还算简单，
加油吧！"	final	
games/drum_studio/drum_lesson_long_2.bs:D_08062d98	games/drum_studio/drum_lesson_long_2.bs	D_08062d98	Listen to my pattern, then\nrepeat when you're ready.\nI'll show it to you again\nif you stop playing.	"仔细听好再照着做哦。
想什么时候开始都可以。
停下演奏的话，
还能再听一遍示范哦！"	final	
games/drum_studio/drum_lesson_long_2.bs:D_08062ee0	games/drum_studio/drum_lesson_long_2.bs	D_08062ee0	\nTime to kick things up a notch!\nAdd a crash at the start and\na snare at the end! Let's go!\n	"试着用镲和军鼓
把它收漂亮吧！
能打出来吗？"	final	
games/drum_studio/drum_lesson_long_2.bs:D_08063024	games/drum_studio/drum_lesson_long_2.bs	D_08063024	\nLet's change the bass a bit.\nListen carefully and keep\nthe rhythm going!	"我会稍微改一下底鼓。
能打出来吗？"	final	
games/drum_studio/drum_lesson_long_2.bs:D_08063184	games/drum_studio/drum_lesson_long_2.bs	D_08063184	Last but not least, let's add\none more bass beat in here.\nWe're reaching the end, so\nLet's drive it home now!\n	"我再稍微改一点底鼓哦。
加油！！"	final	
games/drum_studio/drum_lesson_long_3.bs:D_08063308	games/drum_studio/drum_lesson_long_3.bs	D_08063308	Listen to my pattern, then\nrepeat when you're ready.\nI'll show it to you again\nif you stop playing.	"仔细听好再照着做哦。
想什么时候开始都可以。
停下演奏的话，
还能再听一遍示范哦！"	final	
games/drum_studio/drum_lesson_long_3.bs:D_08063438	games/drum_studio/drum_lesson_long_3.bs	D_08063438	\nLet's keep the bass going,\nand add snares to the mix!\nThings are getting groovy!	"我会把军鼓叠进去哦！
这下就带劲啦！"	final	
games/drum_studio/drum_lesson_long_3.bs:D_0806354c	games/drum_studio/drum_lesson_long_3.bs	D_0806354c	\nLet's spice things up, and\nhit the crash! We're still\njust warming up, y'know?	"用镲把收尾稳稳收住哦！
这个你应该办得到吧？"	final	
games/drum_studio/drum_lesson_long_3.bs:D_080635bc	games/drum_studio/drum_lesson_long_3.bs	D_080635bc	\nAlright, time to switch up\nthe end with some snares.\nIt's starting to take shape!\n	"我会稍微改一下军鼓的花样。
打出来的话一定会很过瘾哦！
真的。"	final	
games/drum_studio/drum_lesson_long_3.bs:D_08063708	games/drum_studio/drum_lesson_long_3.bs	D_08063708	Let's add one more beat\non top of the last part.\nYes, it's a bit tricky, but\nI'm sure you've got this!\n	"会多一个音哦。
意外地还挺难！！
加油哦！"	final	
games/drum_studio/drum_lesson_long_3.bs:D_08063870	games/drum_studio/drum_lesson_long_3.bs	D_08063870	Okay, last change!\nIf you can pull this off,\nyou're basically a full-on\npro drummer in my eyes!	"又会再多一个音哦！
打出来可就太帅啦！"	final	
games/drum_studio/drum_lesson_long_4.bs:D_08062634	games/drum_studio/drum_lesson_long_4.bs	D_08062634	Listen to my pattern, then\nrepeat when you're ready.\nI'll show it to you again\nif you stop playing.	"仔细听好再照着做哦。
想什么时候开始都可以。
停下演奏的话，
还能再听一遍示范哦！"	final	
games/drum_studio/drum_lesson_long_4.bs:D_08062794	games/drum_studio/drum_lesson_long_4.bs	D_08062794	\nLet's tack on some more\ncrashes and snares!\nFollow my lead!	"试着用镲和军鼓
把它收漂亮吧！
能打出来吗？"	final	
games/drum_studio/drum_lesson_long_4.bs:D_080628f0	games/drum_studio/drum_lesson_long_4.bs	D_080628f0	Now, one more beat!\nIt sounds complicated,\nbut it really isn't!\nCan you keep up?	"虽然只多一个音，
但整体会一下变复杂哦！
你能跟上吗？"	final	
games/drum_studio/drum_lesson_long_4.bs:D_08062a64	games/drum_studio/drum_lesson_long_4.bs	D_08062a64	\nLet's make it pop a little!\nThink you can pull this off?\nFollow as best as you can!\n	"我会把结尾弄得更帅一点！
试试看吧！"	final	
games/drum_studio/drum_lesson_long_4.bs:D_08062be4	games/drum_studio/drum_lesson_long_4.bs	D_08062be4	And lastly, add a crash!\nThings are heating up here!\nand there's no going back!\nSo let's finish this right!	"我会加点重音进去哦。
说不定会挺酷的〜！
上吧！！"	final	
games/drum_studio/drum_lesson_long_5.bs:D_08063e10	games/drum_studio/drum_lesson_long_5.bs	D_08063e10	Listen to my pattern, then\nrepeat when you're ready.\nI'll show it to you again\nif you stop playing.	"仔细听好再照着做哦。
想什么时候开始都可以。
停下演奏的话，
还能再听一遍示范哦！"	final	
games/drum_studio/drum_lesson_long_5.bs:D_080640d8	games/drum_studio/drum_lesson_long_5.bs	D_080640d8	Now then, let's add a\nsnare and a crash in here.\nDon't get too comfortable,\nand stay focused!\n	"用军鼓和镲把它
稳稳收住吧！
加油！"	final	
games/drum_studio/drum_lesson_long_5.bs:D_0806439c	games/drum_studio/drum_lesson_long_5.bs	D_0806439c	Let's spice it up a little!\nSwitch this snare with a tom.\nJust go along with the beat\nand you'll be good to go!\n	"我会把其中一处军鼓
改成嗵鼓哦。
听得出来吗？"	final	
games/drum_studio/drum_lesson_long_5.bs:D_080645fc	games/drum_studio/drum_lesson_long_5.bs	D_080645fc	To end it off, one last snare!\nKeep your focus on the\norder you hit the drums.\nYou've got this!\n	"最后再多加一个军鼓！
顺序要想清楚哦。
加油〜！"	final	
games/drum_studio/drum_lesson_long_6.bs:D_08064874	games/drum_studio/drum_lesson_long_6.bs	D_08064874	\nLet's just start with\nthe end of last lesson.\nShow me you still got it!	"先来复习一下。
加油哦！"	final	
games/drum_studio/drum_lesson_long_6.bs:D_08064b30	games/drum_studio/drum_lesson_long_6.bs	D_08064b30	Now, let's switch it up\non the second half!\nThe beat's a bit odd; listen\nclosely and follow my lead!	"我会改后半段。
可要仔细听，
好好照着打哦！"	final	
games/drum_studio/drum_lesson_long_6.bs:D_08064d70	games/drum_studio/drum_lesson_long_6.bs	D_08064d70	Let's stack up some cymbals\nto really make it stand out!\nIt's not that different from\nbefore, so don't worry!	"叠上镲，
让它更华丽一点吧！
能打出来吗？"	final	
games/drum_studio/drum_lesson_long_6.bs:D_08064fd8	games/drum_studio/drum_lesson_long_6.bs	D_08064fd8	\nOkay, now add some toms, to\ngive the beat some oomph!\nWe're on a roll! Let's go!	"再加上嗵鼓，
让它更华丽一点吧！
冲起来〜！"	final	
games/drum_studio/drum_lesson_long_6.bs:D_08065268	games/drum_studio/drum_lesson_long_6.bs	D_08065268	Final step! Replace the tom\nwe just added with a roll!\nIt sounds so cool now, it's\nalmost hard to believe!	"把刚才加进去的嗵鼓
换成滚奏试试吧！
说不定会酷过头哦！！"	final	
games/drum_studio/drum_lesson_long_6.bs:D_08065500	games/drum_studio/drum_lesson_long_6.bs	D_08065500	\nFor this lesson,\nwe'll pick up from right\nwhere we last left off.	这次要应用上一课的内容。	final	
games/drum_studio/drum_lesson_long_6.bs:D_08065530	games/drum_studio/drum_lesson_long_6.bs	D_08065530	\nI'd suggest you first brush\nup on Advanced 5 before\ngiving this one a try!	"先完成前一课，
再来挑战哦！"	final	
games/drum_studio/drum_lesson_long_6.bs:D_08065564	games/drum_studio/drum_lesson_long_6.bs	D_08065564	\nYou ready to go?\nAlright, let's do this!	那么，开始吧！	final	
games/drum_studio/drum_lesson_short_1.bs:D_0805f114	games/drum_studio/drum_lesson_short_1.bs	D_0805f114	Listen to my pattern, then\nrepeat when you're ready.\nI'll show it to you again\nif you stop playing.	"仔细听好再照着做哦。
想什么时候开始都可以。
停下演奏的话，
还能再听一遍示范哦！"	final	
games/drum_studio/drum_lesson_short_1.bs:D_0805f1e4	games/drum_studio/drum_lesson_short_1.bs	D_0805f1e4	\nNow let's add on\nanother bass beat.\nYou know what to do!\n	"有一处会多一个音哦！
听得出来吗？"	final	
games/drum_studio/drum_lesson_short_1.bs:D_0805f278	games/drum_studio/drum_lesson_short_1.bs	D_0805f278	\nNew snare beat incoming!\nThink you've got it?\n	"还会再多一处哦！
听得出来吗？"	final	
games/drum_studio/drum_lesson_short_1.bs:D_0805f32c	games/drum_studio/drum_lesson_short_1.bs	D_0805f32c	\nOne more snare at the end!\nYou're getting closer to\nplaying like a pro!\n	"又会再多一处哦！
听得出来吗？"	final	
games/drum_studio/drum_lesson_short_1.bs:D_0805f3f8	games/drum_studio/drum_lesson_short_1.bs	D_0805f3f8	\nLet's round this out with\na bass beat at the start.\nYou've got this!\n	"然后居然又多一处哦！
听得出来吗？"	final	
games/drum_studio/drum_lesson_short_1.bs:D_0805f470	games/drum_studio/drum_lesson_short_1.bs	D_0805f470	\nSurprise! We've got a\ntriple beat at the end!\nReady?\n	"这回居然也多一处哦！
听得出来吗？"	final	
games/drum_studio/drum_lesson_short_2.bs:D_08061e24	games/drum_studio/drum_lesson_short_2.bs	D_08061e24	Listen to my pattern, then\nrepeat when you're ready.\nI'll show it to you again\nif you stop playing.	"仔细听好再照着做哦。
想什么时候开始都可以。
停下演奏的话，
还能再听一遍示范哦！"	final	
games/drum_studio/drum_lesson_short_2.bs:D_08061ef4	games/drum_studio/drum_lesson_short_2.bs	D_08061ef4	\nNow, a snare on the offbeat!\nMakes it feel kind of intense!\nOne two, one two!	"这次要把底鼓和军鼓
交替着敲哦！
能打出来吗？"	final	
games/drum_studio/drum_lesson_short_2.bs:D_08061ffc	games/drum_studio/drum_lesson_short_2.bs	D_08061ffc	Okay, let's mix it up!\nI moved one of the bass\nbeats back a little bit.\nIt's tricky, but doable!	"有一处底鼓的时机
会错开哦。
听得出来吗？"	final	
games/drum_studio/drum_lesson_short_2.bs:D_080620e4	games/drum_studio/drum_lesson_short_2.bs	D_080620e4	\nI'll squeeze another beat\ninto that gap there.\nDo your best!\n	"这次会多一个音哦！
听得出来吗？"	final	
games/drum_studio/drum_lesson_short_2.bs:D_080621d4	games/drum_studio/drum_lesson_short_2.bs	D_080621d4	\nWe'll wrap this up by doubling\nup on that second bass beat.\nLet's bring it home!	"还会再多一个音哦！
听得出来吗？"	final	
games/drum_studio/drum_lesson_short_3.bs:D_080622d8	games/drum_studio/drum_lesson_short_3.bs	D_080622d8	Listen to my pattern, then\nrepeat when you're ready.\nI'll show it to you again\nif you stop playing.	"仔细听好再照着做哦。
想什么时候开始都可以。
停下演奏的话，
还能再听一遍示范哦！"	final	
games/drum_studio/drum_lesson_short_3.bs:D_080623c0	games/drum_studio/drum_lesson_short_3.bs	D_080623c0	\nHere's a drum we haven't\ngiven a try yet: the tom!\nHit it by pressing Right on !\n	"这次来试试嗵鼓吧！
按十字键右
就能敲嗵鼓哦！"	final	
games/drum_studio/drum_lesson_short_3.bs:D_08062488	games/drum_studio/drum_lesson_short_3.bs	D_08062488	\nNext up, it's the same as\nbefore but with a drum roll!\nDo it with Up on !\n	"把刚才打嗵鼓的那一下
改成十字键上试试吧！
（这个好像叫滚奏）"	final	
games/drum_studio/drum_lesson_short_3.bs:D_08062558	games/drum_studio/drum_lesson_short_3.bs	D_08062558	\nLet's work the tom back in,\nbut at the end instead.\nDon't mix it up!\n	"我会在和刚才不同的地方
再加一个嗵鼓哦！
听得出来吗？"	final	
games/drum_studio/drum_lesson_short_4.bs:D_0805f560	games/drum_studio/drum_lesson_short_4.bs	D_0805f560	Listen to my pattern, then\nrepeat when you're ready.\nI'll show it to you again\nif you stop playing.	"仔细听好再照着做哦。
想什么时候开始都可以。
停下演奏的话，
还能再听一遍示范哦！"	final	
games/drum_studio/drum_lesson_short_4.bs:D_0805f648	games/drum_studio/drum_lesson_short_4.bs	D_0805f648	\nI slipped in another bass beat!\nWe're only just starting!\n	"有一处会多一个音哦！
听得出来吗？"	final	
games/drum_studio/drum_lesson_short_4.bs:D_0805f6ac	games/drum_studio/drum_lesson_short_4.bs	D_0805f6ac	\nThere's a new addition to the\ndrum set, what could it be?\nPress Up on  to find out!	"还会再多一个音哦！
听得出来吗？
提示：十字键上"	final	
games/drum_studio/drum_lesson_short_4.bs:D_0805f740	games/drum_studio/drum_lesson_short_4.bs	D_0805f740	\nLet's put some syncopation\nat the end here. This one's a\nlittle technical!\n	"又会再多一处哦！
听得出来吗？"	final	
games/drum_studio/drum_lesson_short_4.bs:D_0805f7f4	games/drum_studio/drum_lesson_short_4.bs	D_0805f7f4	Now for a tom beat, right\nat the very end!\nRemember where that is?\nIt's Right on !	"然后居然又多一处哦！
听得出来吗？
提示：十字键右"	final	
games/drum_studio/drum_lesson_short_4.bs:D_0805f8dc	games/drum_studio/drum_lesson_short_4.bs	D_0805f8dc	\nSurprise! One final snare\nhere in the middle!\nIt's all coming together!\n	"这回居然也多一处哦！
听得出来吗？"	final	
games/drum_studio/drum_lesson_short_4.bs:D_0805f9cc	games/drum_studio/drum_lesson_short_4.bs	D_0805f9cc	\nThat just now was our first\ncymbal, the hi-hat!\nYou can hit it with Up on .\n	"刚才用十字键上敲的那个部件，
是叫作“踩镲”的一种镲片。"	final	
games/drum_studio/drum_lesson_short_4.bs:D_0805fa10	games/drum_studio/drum_lesson_short_4.bs	D_0805fa10	\nUp on  can be either the\nhi-hat or the roll, depending\non the drum set we're using.\n	"会根据鼓组不同，
十字键上有时是踩镲，
有时则是滚奏。"	final	
games/drum_studio/drum_lesson_short_4.bs:D_0805fa60	games/drum_studio/drum_lesson_short_4.bs	D_0805fa60	\nNow then, let's get on\nwith the lesson!	好，接着下一段！	final	
games/drum_studio/drum_lesson_short_5.bs:D_0805fea0	games/drum_studio/drum_lesson_short_5.bs	D_0805fea0	Listen to my pattern, then\nrepeat when you're ready.\nI'll show it to you again\nif you stop playing.	"仔细听好再照着做哦。
想什么时候开始都可以。
停下演奏的话，
还能再听一遍示范哦！"	final	
games/drum_studio/drum_lesson_short_5.bs:D_0805ff7c	games/drum_studio/drum_lesson_short_5.bs	D_0805ff7c	\nNow, let's add a crash cymbal!\nHit it with , and time it with\nthe bass drum here.	"有一处会多一个音哦！
听得出来吗？
提示：R 键"	final	
games/drum_studio/drum_lesson_short_5.bs:D_0805ffe4	games/drum_studio/drum_lesson_short_5.bs	D_0805ffe4	\nNow for a new snare beat.\nListen carefully and go for it!\n	"还会再多一处哦！
听得出来吗？"	final	
games/drum_studio/drum_lesson_short_5.bs:D_08060080	games/drum_studio/drum_lesson_short_5.bs	D_08060080	Let's add a tom beat.\nRemember, you can use\neither  or Left on \nfor the snare.\n	"又会再多一处哦！
听得出来吗？
提示：十字键右"	final	
games/drum_studio/drum_lesson_short_5.bs:D_08060148	games/drum_studio/drum_lesson_short_5.bs	D_08060148	\nNow let's squeeze in one more\nsnare right before the end.\nThis should be easy!\n	"然后居然又多一处哦！
听得出来吗？"	final	
games/drum_studio/drum_lesson_short_5.bs:D_08060220	games/drum_studio/drum_lesson_short_5.bs	D_08060220	We're not done yet!\nAdd one more snare beat\nat the end, and we'll\nwrap up this lesson!	"这回居然也多一处哦！
听得出来吗？"	final	
games/drum_studio/drum_lesson_short_6.bs:D_08060fa0	games/drum_studio/drum_lesson_short_6.bs	D_08060fa0	Listen to my pattern, then\nrepeat when you're ready.\nI'll show it to you again\nif you stop playing.	"仔细听好再照着做哦。
想什么时候开始都可以。
停下演奏的话，
还能再听一遍示范哦！"	final	
games/drum_studio/drum_lesson_short_6.bs:D_08061070	games/drum_studio/drum_lesson_short_6.bs	D_08061070	Now, let's add a snare\nright at the very end.\nKeep the bass pattern\nthe same, though!	"有一处会多一个音哦！
听得出来吗？
提示：底鼓和刚才一样"	final	
games/drum_studio/drum_lesson_short_6.bs:D_08061110	games/drum_studio/drum_lesson_short_6.bs	D_08061110	Let's add another snare,\nthis time on the 2nd beat.\nSame as before, keep\nthe bass as it is!\n	"还会再多一处哦！
听得出来吗？
提示：底鼓和刚才一样"	final	
games/drum_studio/drum_lesson_short_6.bs:D_080611c0	games/drum_studio/drum_lesson_short_6.bs	D_080611c0	\nLet's keep this going!\nThis time, a hi-hat.\nPress Up on  for it!\n	"又会再多一处哦！
听得出来吗？
提示：十字键上"	final	
games/drum_studio/drum_lesson_short_6.bs:D_08061288	games/drum_studio/drum_lesson_short_6.bs	D_08061288	Now for a surprise...\nIt's another hi-hat!\nDon't mix up your left\nand right hand, here!	"然后居然又多一处哦！
听得出来吗？"	final	
games/drum_studio/drum_lesson_short_6.bs:D_08061300	games/drum_studio/drum_lesson_short_6.bs	D_08061300	\nOne last surprise!\nJust one more hi-hat!\nThat's a groovy beat!\n	"这回节奏很带劲哦！
能打出来吗？"	final	
games/drum_studio/drum_lesson_short_7.bs:D_08060310	games/drum_studio/drum_lesson_short_7.bs	D_08060310	Listen to my pattern, then\nrepeat when you're ready.\nI'll show it to you again\nif you stop playing.	"仔细听好再照着做哦。
想什么时候开始都可以。
停下演奏的话，
还能再听一遍示范哦！"	final	
games/drum_studio/drum_lesson_short_7.bs:D_080603ec	games/drum_studio/drum_lesson_short_7.bs	D_080603ec	\nNext up, hit the crash\nwith  at the same\ntime as the bass!	"有一处会多一个音哦！
听得出来吗？
提示：R 键"	final	
games/drum_studio/drum_lesson_short_7.bs:D_08060454	games/drum_studio/drum_lesson_short_7.bs	D_08060454	\nNow let's add more snares!\nBy now, this should be a\npiece of cake for you!	"还会再多一处哦！
听得出来吗？"	final	
games/drum_studio/drum_lesson_short_7.bs:D_080604f0	games/drum_studio/drum_lesson_short_7.bs	D_080604f0	\nLets add another bass beat!\nThis shouldn't be a problem\nfor you, either.	"又会再多一处哦！
听得出来吗？"	final	
games/drum_studio/drum_lesson_short_7.bs:D_08060568	games/drum_studio/drum_lesson_short_7.bs	D_08060568	Would you look at that?\nYet another bass beat!\nCareful, though, things\nare getting trickier!	"然后居然又多一处哦！
听得出来吗？"	final	
games/drum_studio/drum_lesson_short_7.bs:D_08060628	games/drum_studio/drum_lesson_short_7.bs	D_08060628	\nOne more beat on that bass!\nYou're doing great, keep it up!	"这回居然也多一处哦！
听得出来吗？"	final	
games/drum_studio/drum_lesson_short_7.bs:D_08060700	games/drum_studio/drum_lesson_short_7.bs	D_08060700	\nAnd another one!\nIf you keep this pace,\nyou'll be done in no time!	"又来了！！
又会多一处哦！
听得出来吗？"	final	
games/drum_studio/drum_lesson_short_7.bs:D_080607f0	games/drum_studio/drum_lesson_short_7.bs	D_080607f0	Time for the final beat!\nJust add one last snare!\nYou'll definitely need both\nhands for this one!\n	"这就是最后一个了！！
会多一处音哦！
听得出来吗？
提示：双手一起"	final	
games/drum_studio/drum_lesson_short_8.bs:D_0805fa78	games/drum_studio/drum_lesson_short_8.bs	D_0805fa78	Listen to my pattern, then\nrepeat when you're ready.\nI'll show it to you again\nif you stop playing.	"仔细听好再照着做哦。
想什么时候开始都可以。
停下演奏的话，
还能再听一遍示范哦！"	final	
games/drum_studio/drum_lesson_short_8.bs:D_0805fb60	games/drum_studio/drum_lesson_short_8.bs	D_0805fb60	\nLet's add some more snare.\nUse both hands to hit this!\n	"有一处会多一个音哦！
听得出来吗？
提示：双手一起"	final	
games/drum_studio/drum_lesson_short_8.bs:D_0805fc24	games/drum_studio/drum_lesson_short_8.bs	D_0805fc24	\nAnd now we slip in\none more bass beat!\nShould be simple enough!	"还会再多一处哦！
听得出来吗？"	final	
games/drum_studio/drum_lesson_short_8.bs:D_0805fc90	games/drum_studio/drum_lesson_short_8.bs	D_0805fc90	\nAnd another one!\nIt's easier if you use both\n and Down on  for it.\n	"又会再多一处哦！
听得出来吗？"	final	
games/drum_studio/drum_lesson_short_8.bs:D_0805fd14	games/drum_studio/drum_lesson_short_8.bs	D_0805fd14	\nSurprise! It's time for\nsome more bass beats!\nTake all the time you need.\n	"然后居然又多一处哦！
听得出来吗？"	final	
games/drum_studio/drum_lesson_short_8.bs:D_0805fdbc	games/drum_studio/drum_lesson_short_8.bs	D_0805fdbc	We're almost done!\nJust one more beat\non the bass, and that's\nit for this lesson!\n	"这回居然也多一处哦！
听得出来吗？"	final	
games/drum_studio/drum_lesson_short_9.bs:D_0806090c	games/drum_studio/drum_lesson_short_9.bs	D_0806090c	Listen to my pattern, then\nrepeat when you're ready.\nI'll show it to you again\nif you stop playing.	"仔细听好再照着打。
想什么时候开始都可以。
停下演奏的话，
还能再听一遍示范哦！"	final	
games/drum_studio/drum_lesson_short_9.bs:D_080609dc	games/drum_studio/drum_lesson_short_9.bs	D_080609dc	\nKick each bass twice!\nThink you've got this?\nI'd suggest only using .	"底鼓每次要踩两下哦！
能打出来吗？
要点：只用 B 键"	final	
games/drum_studio/drum_lesson_short_9.bs:D_08060af4	games/drum_studio/drum_lesson_short_9.bs	D_08060af4	Now let's do a new snare\nbeat, right before the end.\nCareful though, the bass\nis still the same as before!	"还会再多一处哦！
听得出来吗？
提示：底鼓和刚才一样"	final	
games/drum_studio/drum_lesson_short_9.bs:D_08060be0	games/drum_studio/drum_lesson_short_9.bs	D_08060be0	\nLet's add another snare\nright after the last one.\nThe bass still hasn't changed!	"又会再多一处哦！
听得出来吗？"	final	
games/drum_studio/drum_lesson_short_9.bs:D_08060cd0	games/drum_studio/drum_lesson_short_9.bs	D_08060cd0	Okay, let's add a bit more\nsnare at the beginning.\nListen carefully and keep\nthe beat steady!	"然后居然又多一处哦！
听得出来吗？"	final	
games/drum_studio/drum_lesson_short_9.bs:D_08060de4	games/drum_studio/drum_lesson_short_9.bs	D_08060de4	\nAnother snare beat! It's a\nsimple change, but it makes\nthings a lot more difficult.	"这回居然也多一处哦！
听得出来吗？"	final	
games/drum_studio/drum_lesson_short_9.bs:D_08060f10	games/drum_studio/drum_lesson_short_9.bs	D_08060f10	You're almost done! Now\nanother one, at the start.\nIt's pretty tricky, but it\nmakes it sound great!\n	"又来了！！
又会多一处哦！
听得出来吗？"	final	
games/drum_studio/engine.c:D_08059f9c	games/drum_studio/engine.c	D_08059f9c	\nFocus just on the start!	"
先只专心顾好开头！"	final	
games/drum_studio/engine.c:D_08059fb4	games/drum_studio/engine.c	D_08059fb4	\nAim for the start.	"
开头要打准哦。"	final	
games/drum_studio/engine.c:D_08059fd0	games/drum_studio/engine.c	D_08059fd0	\nStay focused!	"
别发呆啊！"	final	
games/drum_studio/engine.c:D_08059fe8	games/drum_studio/engine.c	D_08059fe8	\nPress , too.	"
A 键也要按扎实哦。"	final	
games/drum_studio/engine.c:D_0805a004	games/drum_studio/engine.c	D_0805a004	\nPress , too.	"
R 键也要按扎实哦。"	final	
games/drum_studio/engine.c:D_0805a020	games/drum_studio/engine.c	D_0805a020	\nPress  and  together.	"
没有同时按下哦。"	final	
games/drum_studio/engine.c:D_0805a038	games/drum_studio/engine.c	D_0805a038	\nDon't rush it.	"
你有点抢拍啦。"	final	
games/drum_studio/engine.c:D_0805a048	games/drum_studio/engine.c	D_0805a048	\nYou were late...	"
慢了哦。"	final	
games/drum_studio/engine.c:D_0805a058	games/drum_studio/engine.c	D_0805a058	\nFlawless!	"
Very Good！！"	final	
games/drum_studio/engine.c:D_0805a06c	games/drum_studio/engine.c	D_0805a06c	\nPretty good!	"
Good！"	final	
games/drum_studio/engine.c:D_0805a0c0	games/drum_studio/engine.c	D_0805a0c0	\nYou scored 	"
评价"	final	
games/drum_studio/engine.c:D_0805a0c8	games/drum_studio/engine.c	D_0805a0c8	.	.	final	
games/drum_studio/engine.c:D_0805a0cc	games/drum_studio/engine.c	D_0805a0cc	 points.	分	final	
games/drum_studio/engine.c:drum_lessons_rank_text[1]	games/drum_studio/engine.c	drum_lessons_rank_text[1]	\nNot bad!	"
还算不错哦！"	final	
games/drum_studio/engine.c:drum_lessons_rank_text[2]	games/drum_studio/engine.c	drum_lessons_rank_text[2]	\nYou're doin' pretty well!	"
已经挺不错啦！"	final	
games/drum_studio/engine.c:drum_lessons_rank_text[3]	games/drum_studio/engine.c	drum_lessons_rank_text[3]	\nYeah! That was great!	"
棒极了！！"	final	
games/drum_studio/engine.c:drum_lessons_rank_text[4]	games/drum_studio/engine.c	drum_lessons_rank_text[4]	\nUnbelievable!	"
完美啦！！"	final	
games/fireworks/fireworks_text.c:D_0805cd60	games/fireworks/fireworks_text.c	D_0805cd60	Look alive out there!	再放得华丽一点吧！	final	
games/fireworks/fireworks_text.c:D_0805cd7c	games/fireworks/fireworks_text.c	D_0805cd7c	Phenomenal explosions!	这烟火放得真漂亮！！	final	
games/fireworks/fireworks_text.c:D_0805cda0	games/fireworks/fireworks_text.c	D_0805cda0	You have to react a little quicker!	反应太慢啦！	final	
games/fireworks/fireworks_text.c:D_0805cdb4	games/fireworks/fireworks_text.c	D_0805cdb4	You were quick on your feet!	反应不错嘛！	final	
games/fireworks/fireworks_text.c:D_0805cdc8	games/fireworks/fireworks_text.c	D_0805cdc8	Notes from the Director	师傅的话	final	
games/fireworks/fireworks_text.c:D_0805cde0	games/fireworks/fireworks_text.c	D_0805cde0	Before the festival begins...	・・・　祭典之前　・・・	final	
games/fireworks/fireworks_text.c:D_0805ce00	games/fireworks/fireworks_text.c	D_0805ce00	...let's have a crash course!	特训开始！	final	
games/fireworks/fireworks_text.c:D_0805ce10	games/fireworks/fireworks_text.c	D_0805ce10	"When you hear \""Go!\"" press "	听到“嘿！”这个信号时就按 A 键	final	
games/fireworks/fireworks_text.c:D_0805ce34	games/fireworks/fireworks_text.c	D_0805ce34	First of all, normal fireworks.	首先是“普通的烟火”	final	
games/fireworks/fireworks_text.c:D_0805ce5c	games/fireworks/fireworks_text.c	D_0805ce5c	.bOne .bTwo .bThree .bGo!	一　二　三　　嘿！	final	control codes need review
games/fireworks/fireworks_text.c:D_0805ce80	games/fireworks/fireworks_text.c	D_0805ce80	.dOne .bTwo .bThree .bGo!	一　二　三　　嘿！	final	control codes need review
games/fireworks/fireworks_text.c:D_0805cea4	games/fireworks/fireworks_text.c	D_0805cea4	.dOne .dTwo .bThree .bGo!	一　二　三　　嘿！	final	control codes need review
games/fireworks/fireworks_text.c:D_0805cec8	games/fireworks/fireworks_text.c	D_0805cec8	.dOne .dTwo .dThree .bGo!	一　二　三　　嘿！	final	control codes need review
games/fireworks/fireworks_text.c:D_0805ceec	games/fireworks/fireworks_text.c	D_0805ceec	.cOne .cTwo .cThree .c:0Go!	一　二　三　嘿！	final	control codes need review
games/fireworks/fireworks_text.c:D_0805cf10	games/fireworks/fireworks_text.c	D_0805cf10	Next up, our Spirit Rockets!	“有气势的烟火”	final	
games/fireworks/fireworks_text.c:D_0805cf2c	games/fireworks/fireworks_text.c	D_0805cf2c	.bHi.bya.bh.b! .bGo!	嘿咿！　　嘿！	final	control codes need review
games/fireworks/fireworks_text.c:D_0805cf4c	games/fireworks/fireworks_text.c	D_0805cf4c	.dHi.bya.bh.b! .bGo!	嘿咿！　　嘿！	final	control codes need review
games/fireworks/fireworks_text.c:D_0805cf6c	games/fireworks/fireworks_text.c	D_0805cf6c	.dHi.dya.bh.b! .bGo!	嘿咿！　　嘿！	final	control codes need review
games/fireworks/fireworks_text.c:D_0805cf8c	games/fireworks/fireworks_text.c	D_0805cf8c	.dHi.dya.dh.b! .bGo!	嘿咿！　　嘿！	final	control codes need review
games/fireworks/fireworks_text.c:D_0805cfac	games/fireworks/fireworks_text.c	D_0805cfac	.dHi.dya.dh.d! .bGo!	嘿咿！　　嘿！	final	control codes need review
games/fireworks/fireworks_text.c:D_0805cfcc	games/fireworks/fireworks_text.c	D_0805cfcc	.cHi.cya.ch.c! .c:0Go!	嘿咿！　嘿！	final	control codes need review
games/fireworks/fireworks_text.c:D_0805cfec	games/fireworks/fireworks_text.c	D_0805cfec	Finally, our Drummer's Bomb!	“压轴的太鼓爆破”	final	
games/fireworks/fireworks_text.c:D_0805d010	games/fireworks/fireworks_text.c	D_0805d010	.bHere .bit .bcomes! .bGo!	玉屋〜　　嘿！	final	control codes need review
games/fireworks/fireworks_text.c:D_0805d030	games/fireworks/fireworks_text.c	D_0805d030	.dHere .bit .bcomes.b! .bGo!	玉屋〜　　嘿！	final	control codes need review
games/fireworks/fireworks_text.c:D_0805d050	games/fireworks/fireworks_text.c	D_0805d050	.dHere .dit .bcomes.b! .bGo!	玉屋〜　　嘿！	final	control codes need review
games/fireworks/fireworks_text.c:D_0805d070	games/fireworks/fireworks_text.c	D_0805d070	.dHere .dit .dcomes.b! .bGo!	玉屋〜　　嘿！	final	control codes need review
games/fireworks/fireworks_text.c:D_0805d090	games/fireworks/fireworks_text.c	D_0805d090	.dHere .dit .dcomes.d! .bGo!	玉屋〜　　嘿！	final	control codes need review
games/fireworks/fireworks_text.c:D_0805d0b0	games/fireworks/fireworks_text.c	D_0805d0b0	.cHere .cit .ccomes.c! .c:0Go!	玉屋〜　嘿！	final	control codes need review
games/fireworks/fireworks_text.c:D_0805d0d0	games/fireworks/fireworks_text.c	D_0805d0d0	Alright! Let the festival begin!	好，那就正式开始！	final	
games/fireworks/fireworks_text.c:D_0805d0e8	games/fireworks/fireworks_text.c	D_0805d0e8	We won't count anymore... Good luck!	这次可没有信号哦…	final	
games/karate_man/karate_man_2_text.c:D_0805b3a8	games/karate_man/karate_man_2_text.c	D_0805b3a8	You need to go over the basics again.	基本功还没做到位呢。	final	
games/karate_man/karate_man_2_text.c:D_0805b3c8	games/karate_man/karate_man_2_text.c	D_0805b3c8	You were outpaced at the fast parts.	这么快你有点跟不上啊。	final	
games/karate_man/karate_man_2_text.c:D_0805b3e8	games/karate_man/karate_man_2_text.c	D_0805b3e8	You were ahead of the fast parts!	快节奏这块很稳！	final	
games/karate_man/karate_man_2_text.c:D_0805b404	games/karate_man/karate_man_2_text.c	D_0805b404	The slow parts were simply chaotic.	慢拍那段乱了。	final	
games/karate_man/karate_man_2_text.c:D_0805b41c	games/karate_man/karate_man_2_text.c	D_0805b41c	You kept your cool on the slow parts!	慢拍的时候很稳！	final	
games/karate_man/karate_man_2_text.c:D_0805b43c	games/karate_man/karate_man_2_text.c	D_0805b43c	I'd hoped you'd hit the slowest one...	那里真该稳住啊…	final	
games/karate_man/karate_man_2_text.c:D_0805b460	games/karate_man/karate_man_2_text.c	D_0805b460	The slowest one was no problem for you!	就算超慢拍也没慌！	final	
games/karate_man/karate_man_2_text.c:D_0805b480	games/karate_man/karate_man_2_text.c	D_0805b480	The Master speaks...	师父的话	final	
games/karate_man/karate_man_text.c:D_0805ab50	games/karate_man/karate_man_text.c	D_0805ab50	You needed to focus on the basics.	基本功还不够。	final	
games/karate_man/karate_man_text.c:D_0805ab6c	games/karate_man/karate_man_text.c	D_0805ab6c	Your consecutive punches were poor.	看来你不太擅长连续出手呢。	final	
games/karate_man/karate_man_text.c:D_0805ab90	games/karate_man/karate_man_text.c	D_0805ab90	Your consecutive punches were precise!	连续拳很有劲道！	final	
games/karate_man/karate_man_text.c:D_0805abb0	games/karate_man/karate_man_text.c	D_0805abb0	You nailed the ending!	最后一下很到位！	final	
games/karate_man/karate_man_text.c:D_0805abc4	games/karate_man/karate_man_text.c	D_0805abc4	\nRemember to feel the flow!	别忘了跟着音乐动起来哦！	final	
games/karate_man/karate_man_text.c:D_0805abdc	games/karate_man/karate_man_text.c	D_0805abdc	The Master speaks...	师父的话	final	
games/karate_man/karate_man_text.c:D_0805abec	games/karate_man/karate_man_text.c	D_0805abec	Welcome to karate \ntraining!	"欢迎来到
空手道家的游戏！"	final	
games/karate_man/karate_man_text.c:D_0805ac0c	games/karate_man/karate_man_text.c	D_0805ac0c	Watch out for flying\nobjects, and press \nto punch them!\nThe timing's a little tricky!	"这个游戏只要用 A 键
把“东西”打飞，
不过出拳时机可得抓得很准。"	final	
games/karate_man/karate_man_text.c:D_0805ac60	games/karate_man/karate_man_text.c	D_0805ac60	Here, why don't you give\nit a shot?	"先试着把飞过来的
“东西”一拳打飞吧。"	final	
games/karate_man/karate_man_text.c:D_0805aca0	games/karate_man/karate_man_text.c	D_0805aca0	See?\nThe timing is pretty\nstrict, isn't it?	"怎么样？
这下知道出拳时机
有多讲究了吧？"	final	
games/karate_man/karate_man_text.c:D_0805acd8	games/karate_man/karate_man_text.c	D_0805acd8	Now try punching to\nthe beat of some music!	"接下来，试着跟着音乐
出拳看看吧！"	final	
games/karate_man/karate_man_text.c:D_0805ad04	games/karate_man/karate_man_text.c	D_0805ad04	How was that?\nMuch easier with the\nmusic, right?	"感觉怎么样？
跟着音乐动起来的话，
是不是更容易一点？"	final	
games/karate_man/karate_man_text.c:D_0805ad38	games/karate_man/karate_man_text.c	D_0805ad38	Well, there you have it!\nJust flow with the music\nand punch away!	"那么，就照这个感觉，
跟着音乐的节奏，
把那些“东西”统统打飞吧！"	final	
games/karate_man/karate_man_text.c:D_0805ad80	games/karate_man/karate_man_text.c	D_0805ad80	\nReady, steady, punch!	正式开始！！	final	
games/marching_orders/marching_orders_text.c:D_0805c774	games/marching_orders/marching_orders_text.c	D_0805c774	You haven't grasped the basics.	基本功还不够啊。	final	
games/marching_orders/marching_orders_text.c:D_0805c790	games/marching_orders/marching_orders_text.c	D_0805c790	Impressive marching!	挺不错！	final	
games/marching_orders/marching_orders_text.c:D_0805c7a8	games/marching_orders/marching_orders_text.c	D_0805c7a8	You lack proper judgement.	你的判断还差一点啊。	final	
games/marching_orders/marching_orders_text.c:D_0805c7c0	games/marching_orders/marching_orders_text.c	D_0805c7c0	Your timing is on point!	判断真不错！	final	
games/marching_orders/marching_orders_text.c:D_0805c7d8	games/marching_orders/marching_orders_text.c	D_0805c7d8	Your technique needs work.	再好好磨练一下吧。	final	
games/marching_orders/marching_orders_text.c:D_0805c7f4	games/marching_orders/marching_orders_text.c	D_0805c7f4	Your technique is solid!	技术不错啊！	final	
games/marching_orders/marching_orders_text.c:D_0805c80c	games/marching_orders/marching_orders_text.c	D_0805c80c	Sarge says...	队长的判断	final	
games/marching_orders/marching_orders_text.c:D_0805c818	games/marching_orders/marching_orders_text.c	D_0805c818	Go!	出动！！	final	
games/marching_orders/marching_orders_text.c:D_0805c828	games/marching_orders/marching_orders_text.c	D_0805c828	Fall in!	开始练习！	final	
games/marching_orders/marching_orders_text.c:D_0805c844	games/marching_orders/marching_orders_text.c	D_0805c844	Time for the real thing!	那么，正式上场吧！	final	
games/marching_orders/marching_orders_text.c:D_0805c858	games/marching_orders/marching_orders_text.c	D_0805c858	You haven't grasped the basics.	基本功还不够啊。	final	
games/marching_orders/marching_orders_text.c:D_0805c874	games/marching_orders/marching_orders_text.c	D_0805c874	Impressive marching!	挺不错！	final	
games/marching_orders/marching_orders_text.c:D_0805c890	games/marching_orders/marching_orders_text.c	D_0805c890	Your timing is on point!	判断真不错！	final	
games/marching_orders/marching_orders_text.c:D_0805c8a8	games/marching_orders/marching_orders_text.c	D_0805c8a8	Sarge says...	队长的判断	final	
games/marching_orders/marching_orders_text.c:D_0805c8b4	games/marching_orders/marching_orders_text.c	D_0805c8b4	Go!	出动！！	final	
games/marching_orders/marching_orders_text.c:D_0805c8c4	games/marching_orders/marching_orders_text.c	D_0805c8c4	Fall in!	开始练习！	final	
games/marching_orders/marching_orders_text.c:D_0805c8e0	games/marching_orders/marching_orders_text.c	D_0805c8e0	Time for the real thing!	那么，正式上场吧！	final	
games/marching_orders/marching_orders_text.c:D_0805c8f4	games/marching_orders/marching_orders_text.c	D_0805c8f4	You still don't have the basics down!	基本功还没到位啦——！	final	
games/marching_orders/marching_orders_text.c:D_0805c910	games/marching_orders/marching_orders_text.c	D_0805c910	That wasn't half bad!	已经挺不错啦！	final	
games/marching_orders/marching_orders_text.c:D_0805c92c	games/marching_orders/marching_orders_text.c	D_0805c92c	Your timing needs work.	判断力还不够呀——。	final	
games/marching_orders/marching_orders_text.c:D_0805c948	games/marching_orders/marching_orders_text.c	D_0805c948	Your timing is on point!	你的判断真棒呢〜！	final	
games/marching_orders/marching_orders_text.c:D_0805c964	games/marching_orders/marching_orders_text.c	D_0805c964	Keep refining your routine!	要不要再磨练一下呀〜？	final	
games/marching_orders/marching_orders_text.c:D_0805c984	games/marching_orders/marching_orders_text.c	D_0805c984	Your technique is impeccable!	这也太有技术含量啦！	final	
games/marching_orders/marching_orders_text.c:D_0805c9a0	games/marching_orders/marching_orders_text.c	D_0805c9a0	Our trainer says...	队长的点评	final	
games/mechanical_horse/mechanical_horse_text.c:D_0805c3d4	games/mechanical_horse/mechanical_horse_text.c	D_0805c3d4	Try lesson 1 again.	课程 1 还差点意思。	final	
games/mechanical_horse/mechanical_horse_text.c:D_0805c3f0	games/mechanical_horse/mechanical_horse_text.c	D_0805c3f0	Lesson 1 was perfect!	课程 1 很稳！	final	
games/mechanical_horse/mechanical_horse_text.c:D_0805c40c	games/mechanical_horse/mechanical_horse_text.c	D_0805c40c	Try lesson 2 again.	课程 2 还差点意思。	final	
games/mechanical_horse/mechanical_horse_text.c:D_0805c428	games/mechanical_horse/mechanical_horse_text.c	D_0805c428	Lesson 2 was perfect!	课程 2 很稳！	final	
games/mechanical_horse/mechanical_horse_text.c:D_0805c444	games/mechanical_horse/mechanical_horse_text.c	D_0805c444	Try lesson 3 again.	课程 3 还差点意思。	final	
games/mechanical_horse/mechanical_horse_text.c:D_0805c460	games/mechanical_horse/mechanical_horse_text.c	D_0805c460	Lesson 3 was perfect!	课程 3 很稳！	final	
games/mechanical_horse/mechanical_horse_text.c:D_0805c47c	games/mechanical_horse/mechanical_horse_text.c	D_0805c47c	Try lesson 4 again.	课程 4 还差点意思。	final	
games/mechanical_horse/mechanical_horse_text.c:D_0805c498	games/mechanical_horse/mechanical_horse_text.c	D_0805c498	Lesson 4 was perfect!	课程 4 很稳！	final	
games/mechanical_horse/mechanical_horse_text.c:D_0805c4b4	games/mechanical_horse/mechanical_horse_text.c	D_0805c4b4	Move along with the footsteps.	跟着脚步声来	final	
games/mechanical_horse/mechanical_horse_text.c:D_0805c4cc	games/mechanical_horse/mechanical_horse_text.c	D_0805c4cc	Use any button you want.	选个顺手的按钮来按吧。	final	
games/mechanical_horse/mechanical_horse_text.c:D_0805c4e8	games/mechanical_horse/mechanical_horse_text.c	D_0805c4e8	Lesson 1: Walking	课程 1「平步」	final	
games/mechanical_horse/mechanical_horse_text.c:D_0805c508	games/mechanical_horse/mechanical_horse_text.c	D_0805c508	OK! Next lesson!	OK！ 接着下一个。	final	
games/mechanical_horse/mechanical_horse_text.c:D_0805c520	games/mechanical_horse/mechanical_horse_text.c	D_0805c520	Lesson 2: Trotting	课程 2「快步」	final	
games/mechanical_horse/mechanical_horse_text.c:D_0805c53c	games/mechanical_horse/mechanical_horse_text.c	D_0805c53c	Lesson 3: Cantering	课程 3「跑步」	final	
games/mechanical_horse/mechanical_horse_text.c:D_0805c558	games/mechanical_horse/mechanical_horse_text.c	D_0805c558	OK! Final lesson!	OK！ 就剩最后一个啦。	final	
games/mechanical_horse/mechanical_horse_text.c:D_0805c570	games/mechanical_horse/mechanical_horse_text.c	D_0805c570	Lesson 4: Galloping	课程 4「袭步」	final	
games/mechanical_horse/mechanical_horse_text.c:D_0805c58c	games/mechanical_horse/mechanical_horse_text.c	D_0805c58c	OK, nice work!	OK！ 辛苦了！	final	
games/mechanical_horse/mechanical_horse_text.c:D_0805c5a4	games/mechanical_horse/mechanical_horse_text.c	D_0805c5a4	Try Lesson 1 again.	课程 1 还差点意思。	final	
games/mechanical_horse/mechanical_horse_text.c:D_0805c5c0	games/mechanical_horse/mechanical_horse_text.c	D_0805c5c0	Lesson 1 complete!	课程 1 很稳！	final	
games/mechanical_horse/mechanical_horse_text.c:D_0805c5dc	games/mechanical_horse/mechanical_horse_text.c	D_0805c5dc	Try Lesson 2 again.	课程 2 还差点意思。	final	
games/mechanical_horse/mechanical_horse_text.c:D_0805c5f8	games/mechanical_horse/mechanical_horse_text.c	D_0805c5f8	Lesson 2 complete!	课程 2 很稳！	final	
games/mechanical_horse/mechanical_horse_text.c:D_0805c614	games/mechanical_horse/mechanical_horse_text.c	D_0805c614	Try Lesson 3 again.	课程 3 还差点意思。	final	
games/mechanical_horse/mechanical_horse_text.c:D_0805c630	games/mechanical_horse/mechanical_horse_text.c	D_0805c630	Lesson 3 complete!	课程 3 很稳！	final	
games/mechanical_horse/mechanical_horse_text.c:D_0805c64c	games/mechanical_horse/mechanical_horse_text.c	D_0805c64c	Try Lesson 4 again.	课程 4 还差点意思。	final	
games/mechanical_horse/mechanical_horse_text.c:D_0805c668	games/mechanical_horse/mechanical_horse_text.c	D_0805c668	Lesson 4 complete!	课程 4 很稳！	final	
games/mechanical_horse/mechanical_horse_text.c:D_0805c684	games/mechanical_horse/mechanical_horse_text.c	D_0805c684	Move along with the footsteps.	跟着脚步声来	final	
games/mechanical_horse/mechanical_horse_text.c:D_0805c69c	games/mechanical_horse/mechanical_horse_text.c	D_0805c69c	Use any button you want.	选个顺手的按钮来按吧。	final	
games/mechanical_horse/mechanical_horse_text.c:D_0805c6b8	games/mechanical_horse/mechanical_horse_text.c	D_0805c6b8	Lesson 1: Walking	课程 1「平步」	final	
games/mechanical_horse/mechanical_horse_text.c:D_0805c6d8	games/mechanical_horse/mechanical_horse_text.c	D_0805c6d8	OK! Next lesson!	OK！ 接着下一个。	final	
games/mechanical_horse/mechanical_horse_text.c:D_0805c6f0	games/mechanical_horse/mechanical_horse_text.c	D_0805c6f0	Lesson 2: Trotting	课程 2「快步」	final	
games/mechanical_horse/mechanical_horse_text.c:D_0805c70c	games/mechanical_horse/mechanical_horse_text.c	D_0805c70c	Lesson 3: Cantering	课程 3「跑步」	final	
games/mechanical_horse/mechanical_horse_text.c:D_0805c728	games/mechanical_horse/mechanical_horse_text.c	D_0805c728	OK! Final lesson!	OK！ 就剩最后一个啦。	final	
games/mechanical_horse/mechanical_horse_text.c:D_0805c740	games/mechanical_horse/mechanical_horse_text.c	D_0805c740	Lesson 4: Galloping	课程 4「袭步」	final	
games/mechanical_horse/mechanical_horse_text.c:D_0805c75c	games/mechanical_horse/mechanical_horse_text.c	D_0805c75c	OK! Looks like you're ready!	OK！ 辛苦了！	final	
games/metronome/engine.c:D_0805a694	games/metronome/engine.c	D_0805a694	Press  in time with the signal.	跟着声音，按下 A 键吧。	final	
games/metronome/engine.c:D_0805a6c0	games/metronome/engine.c	D_0805a6c0	Measuring...	测量中	final	
games/metronome/engine.c:D_0805a6c8	games/metronome/engine.c	D_0805a6c8	Finished measuring! Your rhythm score is...	测量结束！ 那么，结果是…	final	
games/metronome/metronome_text.c:D_0805ccc8	games/metronome/metronome_text.c	D_0805ccc8	You'll have to put in a lot of effort...	看来还得多下点功夫…	final	
games/metronome/metronome_text.c:D_0805cce4	games/metronome/metronome_text.c	D_0805cce4	You'll need to try a little harder.	再稍微加把劲吧。	final	
games/metronome/metronome_text.c:D_0805cd04	games/metronome/metronome_text.c	D_0805cd04	You're as accurate as any average guy.	准确度算是一般。	final	
games/metronome/metronome_text.c:D_0805cd24	games/metronome/metronome_text.c	D_0805cd24	You have an accurate biological clock!	你的体内时钟相当准确！	final	
games/metronome/metronome_text.c:D_0805cd44	games/metronome/metronome_text.c	D_0805cd44	You're as precise as an atomic clock!	准得像电波钟一样！！	final	
games/mr_upbeat/engine.c:D_0805a674	games/mr_upbeat/engine.c	D_0805a674	New Record!	新纪录！	final	
games/mr_upbeat/engine.c:D_0805a684	games/mr_upbeat/engine.c	D_0805a684	Good job!	辛苦啦	final	
games/mr_upbeat/mr_upbeat_text.c:D_08068170	games/mr_upbeat/mr_upbeat_text.c	D_08068170	Hop over the needle!	跨过去吧！	final	
games/mr_upbeat/mr_upbeat_text.c:D_0806817c	games/mr_upbeat/mr_upbeat_text.c	D_0806817c	That's the way.	对，就是这样。	final	
games/mr_upbeat/mr_upbeat_text.c:D_08068188	games/mr_upbeat/mr_upbeat_text.c	D_08068188	All right!	对对！	final	
games/mr_upbeat/mr_upbeat_text.c:D_08068194	games/mr_upbeat/mr_upbeat_text.c	D_08068194	Nice!	不错哦〜！	final	
games/mr_upbeat/mr_upbeat_text.c:D_080681a0	games/mr_upbeat/mr_upbeat_text.c	D_080681a0	You're a needle-hopping ninja!	很好哦！	final	
games/mr_upbeat/mr_upbeat_text.c:D_080681ac	games/mr_upbeat/mr_upbeat_text.c	D_080681ac	I'm so impressed by your skill, my feet are numb!	看得我都起鸡皮疙瘩了！	final	
games/mr_upbeat/mr_upbeat_text.c:D_080681bc	games/mr_upbeat/mr_upbeat_text.c	D_080681bc	Yay, you!	哎呀，不妙！	final	
games/mr_upbeat/mr_upbeat_text.c:D_080681c8	games/mr_upbeat/mr_upbeat_text.c	D_080681c8	How is it even possible that you're this good?	厉害呀——！	final	
games/mr_upbeat/mr_upbeat_text.c:D_080681d8	games/mr_upbeat/mr_upbeat_text.c	D_080681d8	You're just doing this with mirrors, right?	不会吧！？	final	
games/mr_upbeat/mr_upbeat_text.c:D_080681e8	games/mr_upbeat/mr_upbeat_text.c	D_080681e8	Were you bitten by something radioactive?	简直神了！	final	
games/mr_upbeat/mr_upbeat_text.c:D_080681f0	games/mr_upbeat/mr_upbeat_text.c	D_080681f0	HOW ARE YOU DOING THIS?!	也太猛了吧！	final	
games/mr_upbeat/mr_upbeat_text.c:D_080681fc	games/mr_upbeat/mr_upbeat_text.c	D_080681fc	Nooo! It HURTS!	要憋不住啦！！	final	
games/mr_upbeat/mr_upbeat_text.c:D_0806820c	games/mr_upbeat/mr_upbeat_text.c	D_0806820c	Can I stop now?	真服了！！	final	
games/mr_upbeat/mr_upbeat_text.c:D_0806821c	games/mr_upbeat/mr_upbeat_text.c	D_0806821c	...Help...me...	呜嘿——！！	final	
games/mr_upbeat/mr_upbeat_text.c:D_0806822c	games/mr_upbeat/mr_upbeat_text.c	D_0806822c	Let me...rest...	没事吧！？	final	
games/mr_upbeat/mr_upbeat_text.c:D_08068238	games/mr_upbeat/mr_upbeat_text.c	D_08068238	So...tired... I think I can see through time...	这也太夸张了！！	final	
games/night_walk/night_walk_text.c:D_0805b158	games/night_walk/night_walk_text.c	D_0805b158	You fell in a hole.	掉下去啦…	final	
games/night_walk/night_walk_text.c:D_0805b174	games/night_walk/night_walk_text.c	D_0805b174	You made it to the end!	顺利到终点啦！！	final	
games/night_walk/night_walk_text.c:D_0805b18c	games/night_walk/night_walk_text.c	D_0805b18c	Your rhythm was off.	节奏有点乱了啊…	final	
games/night_walk/night_walk_text.c:D_0805b1a4	games/night_walk/night_walk_text.c	D_0805b1a4	You kept the beat well.	节奏保持得不错！	final	
games/night_walk/night_walk_text.c:D_0805b1bc	games/night_walk/night_walk_text.c	D_0805b1bc	You missed quite a few jumps.	有几处关键节拍没踩准呢。	final	
games/night_walk/night_walk_text.c:D_0805b1dc	games/night_walk/night_walk_text.c	D_0805b1dc	Your jumps were right on the money!	关键节拍踩得真准！	final	
games/night_walk/night_walk_text.c:D_0805b1f4	games/night_walk/night_walk_text.c	D_0805b1f4	The stars say...	星星的声音	final	
games/night_walk/night_walk_text.c:D_0805b1fc	games/night_walk/night_walk_text.c	D_0805b1fc	\x05\x31\x01\x35Jump in time with the music!	跟着音乐跳起来哦！	final	control codes need review
games/night_walk/night_walk_text.c:D_0805b220	games/night_walk/night_walk_text.c	D_0805b220	\x05\x31\x01\x35Let's reach the stars before the music ends!	要在音乐结束前，让画面铺满星星哦！	final	control codes need review
games/night_walk/night_walk_text.c:D_0805b250	games/night_walk/night_walk_text.c	D_0805b250	\x05\x31\x01\x35Almost there!	快结束啦！	final	control codes need review
games/night_walk/night_walk_text.c:D_0805b26c	games/night_walk/night_walk_text.c	D_0805b26c	You fell in a hole.	掉下去啦…	final	
games/night_walk/night_walk_text.c:D_0805b288	games/night_walk/night_walk_text.c	D_0805b288	You made it to the end!	顺利到终点啦！！	final	
games/night_walk/night_walk_text.c:D_0805b2a0	games/night_walk/night_walk_text.c	D_0805b2a0	Your rhythm was off.	节奏有点乱了啊…	final	
games/night_walk/night_walk_text.c:D_0805b2b8	games/night_walk/night_walk_text.c	D_0805b2b8	You kept the beat well.	节奏保持得不错！	final	
games/night_walk/night_walk_text.c:D_0805b2d0	games/night_walk/night_walk_text.c	D_0805b2d0	You missed quite a few jumps.	有几处关键节拍没踩准呢。	final	
games/night_walk/night_walk_text.c:D_0805b2f0	games/night_walk/night_walk_text.c	D_0805b2f0	Your jumps were right on the money!	关键节拍踩得真准！	final	
games/night_walk/night_walk_text.c:D_0805b308	games/night_walk/night_walk_text.c	D_0805b308	The stars say...	星星的声音	final	
games/night_walk/night_walk_text.c:D_0805b310	games/night_walk/night_walk_text.c	D_0805b310	\x05\x31\x01\x35Jump in time with the music!	跟着音乐跳起来哦！	final	control codes need review
games/night_walk/night_walk_text.c:D_0805b334	games/night_walk/night_walk_text.c	D_0805b334	\x05\x31\x01\x35Keep an eye out for electric fish!	别撞到电击鱼哦！	final	control codes need review
games/night_walk/night_walk_text.c:D_0805b35c	games/night_walk/night_walk_text.c	D_0805b35c	\x05\x31\x01\x35Let's reach the stars before the music ends!	要在音乐结束前，让画面铺满星星哦！	final	control codes need review
games/night_walk/night_walk_text.c:D_0805b38c	games/night_walk/night_walk_text.c	D_0805b38c	\x05\x31\x01\x35Almost there!	快结束啦！	final	control codes need review
games/ninja_bodyguard/ninja_bodyguard_text.c:D_0805b8e0	games/ninja_bodyguard/ninja_bodyguard_text.c	D_0805b8e0	I hired you to protect me.	可要好好保护我哦…	final	
games/ninja_bodyguard/ninja_bodyguard_text.c:D_0805b8fc	games/ninja_bodyguard/ninja_bodyguard_text.c	D_0805b8fc	Your swordplay skills were lacking.	这手快剑还不够利落。	final	
games/ninja_bodyguard/ninja_bodyguard_text.c:D_0805b924	games/ninja_bodyguard/ninja_bodyguard_text.c	D_0805b924	You're quite nimble with a sword!	这手快剑挺漂亮！	final	
games/ninja_bodyguard/ninja_bodyguard_text.c:D_0805b944	games/ninja_bodyguard/ninja_bodyguard_text.c	D_0805b944	Their four-arrow barrage overwhelmed you.	被“四连箭”打得够惨啊。	final	
games/ninja_bodyguard/ninja_bodyguard_text.c:D_0805b968	games/ninja_bodyguard/ninja_bodyguard_text.c	D_0805b968	You blocked their four-arrow barrage!	“四连箭回击”很漂亮！	final	
games/ninja_bodyguard/ninja_bodyguard_text.c:D_0805b988	games/ninja_bodyguard/ninja_bodyguard_text.c	D_0805b988	My lord solemnly intones...	主公的话	final	
games/ninja_bodyguard/ninja_bodyguard_text.c:D_0805b99c	games/ninja_bodyguard/ninja_bodyguard_text.c	D_0805b99c	I thought you were trying to protect me...	可要好好保护我哦…	final	
games/ninja_bodyguard/ninja_bodyguard_text.c:D_0805b9b8	games/ninja_bodyguard/ninja_bodyguard_text.c	D_0805b9b8	Your stick swipes weren't quick enough.	这手快棍还不够利落。	final	
games/ninja_bodyguard/ninja_bodyguard_text.c:D_0805b9dc	games/ninja_bodyguard/ninja_bodyguard_text.c	D_0805b9dc	You're pretty quick with a stick!	这手快棍耍得真漂亮！	final	
games/ninja_bodyguard/ninja_bodyguard_text.c:D_0805b9fc	games/ninja_bodyguard/ninja_bodyguard_text.c	D_0805b9fc	Their five-rock barrage overwhelmed you.	被“五连石”打得够惨呢。	final	
games/ninja_bodyguard/ninja_bodyguard_text.c:D_0805ba1c	games/ninja_bodyguard/ninja_bodyguard_text.c	D_0805ba1c	You blocked their five-rock barrage!	“五连石回击”真漂亮！	final	
games/ninja_bodyguard/ninja_bodyguard_text.c:D_0805ba40	games/ninja_bodyguard/ninja_bodyguard_text.c	D_0805ba40	You deflected two rocks at once! Incredible!	厉害！ 一瞬间打掉 2 块石头！！	final	
games/ninja_bodyguard/ninja_bodyguard_text.c:D_0805ba68	games/ninja_bodyguard/ninja_bodyguard_text.c	D_0805ba68	My girlfriend calmly comments...	她的一句话	final	
games/polyrhythm/polyrhythm_text.c:D_0805afec	games/polyrhythm/polyrhythm_text.c	D_0805afec	Take more care during assembly.	可得把货稳稳运过去才行。	final	
games/polyrhythm/polyrhythm_text.c:D_0805b014	games/polyrhythm/polyrhythm_text.c	D_0805b014	Is your left hand falling asleep?	左手在偷懒哦。	final	
games/polyrhythm/polyrhythm_text.c:D_0805b02c	games/polyrhythm/polyrhythm_text.c	D_0805b02c	Your left hand was a model employee!	左手干得不错嘛！	final	
games/polyrhythm/polyrhythm_text.c:D_0805b04c	games/polyrhythm/polyrhythm_text.c	D_0805b04c	You need to adapt to the rhythm better.	应变还得再练练啊。	final	
games/polyrhythm/polyrhythm_text.c:D_0805b068	games/polyrhythm/polyrhythm_text.c	D_0805b068	What rhythmic work!	这活干得真有节奏！！	final	
games/polyrhythm/polyrhythm_text.c:D_0805b088	games/polyrhythm/polyrhythm_text.c	D_0805b088	From the Factory's Manager:	来自厂长	final	
games/polyrhythm/polyrhythm_text.c:D_0805b094	games/polyrhythm/polyrhythm_text.c	D_0805b094	You still need to work on the basics.	基本功还没跟上呢。	final	
games/polyrhythm/polyrhythm_text.c:D_0805b0b4	games/polyrhythm/polyrhythm_text.c	D_0805b0b4	Your offbeats were just off.	反拍还不够出彩啊。	final	
games/polyrhythm/polyrhythm_text.c:D_0805b0d0	games/polyrhythm/polyrhythm_text.c	D_0805b0d0	Your offbeat was right on the money!	反拍稳稳的！	final	
games/polyrhythm/polyrhythm_text.c:D_0805b0e8	games/polyrhythm/polyrhythm_text.c	D_0805b0e8	The polyrhythm messed up your timing!	一复杂起来就有点不行啦。	final	
games/polyrhythm/polyrhythm_text.c:D_0805b110	games/polyrhythm/polyrhythm_text.c	D_0805b110	You couldn't use both hands separately.	左右手还不能独立打拍哦。	final	
games/polyrhythm/polyrhythm_text.c:D_0805b130	games/polyrhythm/polyrhythm_text.c	D_0805b130	Your hands work well separately!	左右手已经分得很开啦！	final	
games/polyrhythm/polyrhythm_text.c:D_0805b14c	games/polyrhythm/polyrhythm_text.c	D_0805b14c	From the Factory's Manager:	来自厂长	final	
games/power_calligraphy/power_calligraphy_text.c:D_0805d24c	games/power_calligraphy/power_calligraphy_text.c	D_0805d24c	You needed more power in your strokes.	气势还不够。	final	
games/power_calligraphy/power_calligraphy_text.c:D_0805d260	games/power_calligraphy/power_calligraphy_text.c	D_0805d260	Just...weak.	力道还差一点啊。	final	
games/power_calligraphy/power_calligraphy_text.c:D_0805d274	games/power_calligraphy/power_calligraphy_text.c	D_0805d274	You gave it a lot of oomph!	很有力！	final	
games/power_calligraphy/power_calligraphy_text.c:D_0805d288	games/power_calligraphy/power_calligraphy_text.c	D_0805d288	Your brush seemed lifeless.	总觉得没把心意写进去啊。	final	
games/power_calligraphy/power_calligraphy_text.c:D_0805d2a8	games/power_calligraphy/power_calligraphy_text.c	D_0805d2a8	You poured your heart into your brush!	有把心意写进去！	final	
games/power_calligraphy/power_calligraphy_text.c:D_0805d2c0	games/power_calligraphy/power_calligraphy_text.c	D_0805d2c0	You weren't intimidated by the big one!	关键一笔写得漂亮！	final	
games/power_calligraphy/power_calligraphy_text.c:D_0805d2dc	games/power_calligraphy/power_calligraphy_text.c	D_0805d2dc	Get writing!	来吧！书法！！	final	
games/power_calligraphy/power_calligraphy_text.c:D_0805d2f0	games/power_calligraphy/power_calligraphy_text.c	D_0805d2f0	Instructor Feedback	老师的评语	final	
games/power_calligraphy/power_calligraphy_text.c:D_0805d300	games/power_calligraphy/power_calligraphy_text.c	D_0805d300	Welcome to Power Calligraphy 101.	来写字吧。	final	
games/power_calligraphy/power_calligraphy_text.c:D_0805d318	games/power_calligraphy/power_calligraphy_text.c	D_0805d318	Press  at the peak of your power!	气势冲到顶点时，就按 A 键！！	final	
games/power_calligraphy/power_calligraphy_text.c:D_0805d33c	games/power_calligraphy/power_calligraphy_text.c	D_0805d33c	Excellent brushmanship!	写得很好。	final	
games/power_calligraphy/power_calligraphy_text.c:D_0805d350	games/power_calligraphy/power_calligraphy_text.c	D_0805d350	Try the next technique.	再写一遍试试吧。	final	
games/power_calligraphy/power_calligraphy_text.c:D_0805d374	games/power_calligraphy/power_calligraphy_text.c	D_0805d374	Good.	嗯。	final	
games/power_calligraphy/power_calligraphy_text.c:D_0805d37c	games/power_calligraphy/power_calligraphy_text.c	D_0805d37c	I think you've got it.	玩闹就到这里……	final	
games/quiz_show/quiz_show_text.c:D_0805ec44	games/quiz_show/quiz_show_text.c	D_0805ec44	Try harder next time.	下次也要继续加油哦。	final	
games/quiz_show/quiz_show_text.c:D_0805ec60	games/quiz_show/quiz_show_text.c	D_0805ec60	You were so close!	太可惜啦〜！	final	
games/quiz_show/quiz_show_text.c:D_0805ec7c	games/quiz_show/quiz_show_text.c	D_0805ec7c	You won! Congratulations!	恭喜全部答对啦〜！	final	
games/quiz_show/quiz_show_text.c:D_0805eca4	games/quiz_show/quiz_show_text.c	D_0805eca4	\nAww, too bad!\n\n	可惜啦！！	final	
games/quiz_show/quiz_show_text.c:D_0805ecb0	games/quiz_show/quiz_show_text.c	D_0805ecb0	Come back and\ntry again\nnext week!\n	"再来挑战吧。
再见啦。"	final	
games/quiz_show/quiz_show_text.c:D_0805ecd4	games/quiz_show/quiz_show_text.c	D_0805ecd4	A word from our sponsor:	主持人的一句话	final	
games/quiz_show/quiz_show_text.c:D_0805ece8	games/quiz_show/quiz_show_text.c	D_0805ece8	Here's the\nfirst question.\n\n	这是第一题。	final	
games/quiz_show/quiz_show_text.c:D_0805ecf8	games/quiz_show/quiz_show_text.c	D_0805ecf8	Now, the second\nquestion.\n\n	那么，第 2 题。	final	
games/quiz_show/quiz_show_text.c:D_0805ed08	games/quiz_show/quiz_show_text.c	D_0805ed08	Aaaand third\nquestion.\n\n	第 3 题。	final	
games/quiz_show/quiz_show_text.c:D_0805ed14	games/quiz_show/quiz_show_text.c	D_0805ed14	Ready?\nQuestion number\nfour!\n	来吧，第 4 题！	final	
games/quiz_show/quiz_show_text.c:D_0805ed28	games/quiz_show/quiz_show_text.c	D_0805ed28	This is it!\nThere's no going\nback now!\n	"从这里开始，
才是真格的哦！"	final	
games/quiz_show/quiz_show_text.c:D_0805ed44	games/quiz_show/quiz_show_text.c	D_0805ed44	We have arrived\nat question the\nfifth!\n	"终于来到，
第 5 题啦！！"	final	
games/quiz_show/quiz_show_text.c:D_0805ed60	games/quiz_show/quiz_show_text.c	D_0805ed60	Here it is:\nthe final question!\n\n	最后一题啦！！	final	
games/quiz_show/quiz_show_text.c:D_0805ed74	games/quiz_show/quiz_show_text.c	D_0805ed74	\nGo ahead.\n\n	请开始。	final	
games/quiz_show/quiz_show_text.c:D_0805ed7c	games/quiz_show/quiz_show_text.c	D_0805ed7c	\nAaaand stop!\n\n	到此为止！！	final	
games/quiz_show/quiz_show_text.c:D_0805ed8c	games/quiz_show/quiz_show_text.c	D_0805ed8c	And the correct\nanswer is...\n\n	那么，正确答案是？	final	
games/quiz_show/quiz_show_text.c:D_0805ed9c	games/quiz_show/quiz_show_text.c	D_0805ed9c	\nYou are correct!\n\n	正确！！	final	
games/quiz_show/quiz_show_text.c:D_0805eda8	games/quiz_show/quiz_show_text.c	D_0805eda8	Amazing! You aced\nthe quiz! You score\na mojillion points!	"太棒啦！
全部答对！！
奖金 100 万分！！"	final	
games/quiz_show/quiz_show_text.c:D_0805edd8	games/quiz_show/quiz_show_text.c	D_0805edd8	See you again\nnext week!\n\n	"那么下周再见，
再会啦。"	final	
games/quiz_show/quiz_show_text.c:D_0805edf4	games/quiz_show/quiz_show_text.c	D_0805edf4	Good day!\nIt's time to play\nthe quiz!\n	"晚上好。
现在是《问答是什么呢！？》的时间。"	final	
games/quiz_show/quiz_show_text.c:D_0805ee20	games/quiz_show/quiz_show_text.c	D_0805ee20	The rules\nare simple:\n\n	规则很简单。	final	
games/quiz_show/quiz_show_text.c:D_0805ee34	games/quiz_show/quiz_show_text.c	D_0805ee34	Just count the\nnumber of times I\nhit these buttons.\n	只要猜中我敲了几下按钮就行。	final	
games/quiz_show/quiz_show_text.c:D_0805ee5c	games/quiz_show/quiz_show_text.c	D_0805ee5c	When I say to, hit\nyour buttons to\nmatch my total.	在“请开始”之后，请敲出相同的次数。	final	
games/quiz_show/quiz_show_text.c:D_0805ee8c	games/quiz_show/quiz_show_text.c	D_0805ee8c	 or , it doesn't\nmatter. Just focus\non the final total!\n	A 键和十字键，按哪个都 OK。	final	
games/quiz_show/quiz_show_text.c:D_0805eebc	games/quiz_show/quiz_show_text.c	D_0805eebc	\nLet's begin.\n\n	那么，就来试试看吧。	final	
games/rap_men/rap_men.bs:text_rap_men_herushii_kamo_ne	games/rap_men/rap_men.bs	text_rap_men_herushii_kamo_ne	.9:1Healthy snacks, .9:0ya feel me?.8:1	也许很健康吧	final	control codes need review
games/rap_men/rap_men.bs:text_rap_men_honto_desu_ka	games/rap_men/rap_men.bs	text_rap_men_honto_desu_ka	.b:1Maybe so, .b:0huh?.8:1	真的吗？	final	control codes need review
games/rap_men/rap_men.bs:text_rap_men_kibun_wa_saikou	games/rap_men/rap_men.bs	text_rap_men_kibun_wa_saikou	.a:1I feel .a:0so AWESOME!.8:1	心情最棒啦——！！	final	control codes need review
games/rap_men/rap_men.bs:text_rap_men_kimi_tte_saikou	games/rap_men/rap_men.bs	text_rap_men_kimi_tte_saikou	.a:1You are .a:0so AWESOME!.8:0	你最棒啦——！！	final	control codes need review
games/rap_men/rap_men.bs:text_rap_men_oishii_kamo_ne	games/rap_men/rap_men.bs	text_rap_men_oishii_kamo_ne	.9:1Tasty snacks, .9:0ya feel me?.8:1	也许很好吃吧	final	control codes need review
games/rap_men/rap_men.bs:text_rap_men_ore_no_sei_kamo_ne	games/rap_men/rap_men.bs	text_rap_men_ore_no_sei_kamo_ne	.9:1Might've been us, .9:0ya feel me?.8:1	也许是我的错吧	final	control codes need review
games/rap_men/rap_men.bs:text_rap_men_ore_shiranai_yo	games/rap_men/rap_men.bs	text_rap_men_ore_shiranai_yo	.a:1Guess it's how we .a:0LOST SOME!.8:1	我不知道啦——！！	final	control codes need review
games/rap_men/rap_men.bs:text_rap_men_ore_tte_saikou	games/rap_men/rap_men.bs	text_rap_men_ore_tte_saikou	.a:1We are .a:0so AWESOME!.8:1	我最棒啦——！！	final	control codes need review
games/rap_men/rap_men.bs:text_rap_men_oyatsu_desu_ka	games/rap_men/rap_men.bs	text_rap_men_oyatsu_desu_ka	.b:1It's snack time, .b:0huh?.8:1	该吃点心了吗？	final	control codes need review
games/rap_men/rap_men.bs:text_rap_men_oyatsu_ga_nai_yo	games/rap_men/rap_men.bs	text_rap_men_oyatsu_ga_nai_yo	.a:1Wait a sec, we .a:0LOST SOME!.8:1	点心不见啦——！！	final	control codes need review
games/rap_men/rap_men.bs:text_rap_men_oyatsu_wa_saikou	games/rap_men/rap_men.bs	text_rap_men_oyatsu_wa_saikou	.a:1Snacking is .a:0so AWESOME!.8:1	点心最棒啦——！！	final	control codes need review
games/rap_men/rap_men.bs:text_rap_men_sanji_desu_ka	games/rap_men/rap_men.bs	text_rap_men_sanji_desu_ka	.b:1It's 3 PM, .b:0huh?.8:1	下午三点了吗？	final	control codes need review
games/rap_men/rap_men.bs:text_rap_men_sore_mo_sou_kamo_ne	games/rap_men/rap_men.bs	text_rap_men_sore_mo_sou_kamo_ne	.9:1That's how it be, .9:0ya feel me?.8:1	也许真是那样吧	final	control codes need review
games/rap_men/rap_men.bs:text_rap_men_tanoshii_kamo_ne	games/rap_men/rap_men.bs	text_rap_men_tanoshii_kamo_ne	.9:1Havin' fun, .9:0ya feel me?.8:1	也许会很开心吧	final	control codes need review
games/rap_men/rap_men.bs:text_rap_men_wakarimasu_ka	games/rap_men/rap_men.bs	text_rap_men_wakarimasu_ka	.b:1You get it now, .b:0huh?.8:1	明白了吗？	final	control codes need review
games/rap_men/rap_men_text.c:D_0805e914	games/rap_men/rap_men_text.c	D_0805e914	"The \""huh?\"" lines were just confusing."	“……吗？”这段节奏还没跟上。	final	
games/rap_men/rap_men_text.c:D_0805e938	games/rap_men/rap_men_text.c	D_0805e938	"The \""huh?\"" lines had some real groove!"	“……吗？”这段节奏跟得真准！	final	
games/rap_men/rap_men_text.c:D_0805e960	games/rap_men/rap_men_text.c	D_0805e960	"I \""feel\"" like we could've done better."	“……吧”这段还有点生硬。	final	
games/rap_men/rap_men_text.c:D_0805e988	games/rap_men/rap_men_text.c	D_0805e988	"Your \""feel\"" for this is impressive!"	“……吧”这段真有感觉！	final	
games/rap_men/rap_men_text.c:D_0805e9ac	games/rap_men/rap_men_text.c	D_0805e9ac	"The \""AWESOME!\"" lines... weren't."	“最棒啦！”这段还不够棒啊。	final	
games/rap_men/rap_men_text.c:D_0805e9d8	games/rap_men/rap_men_text.c	D_0805e9d8	"The \""AWESOME!\"" lines were nothing less!"	“最棒啦！”这段简直棒极啦！	final	
games/rap_men/rap_men_text.c:D_0805ea04	games/rap_men/rap_men_text.c	D_0805ea04	RAPNOTES from the Boys:	那两位的点评	final	
games/rap_men/rap_men_text.c:D_0805ea18	games/rap_men/rap_men_text.c	D_0805ea18	Let's get into it.	那就正式上吧	final	
games/rap_men/rap_men_text.c:D_0805ea34	games/rap_men/rap_men_text.c	D_0805ea34	We should do that again.	下次再一起玩啊	final	
games/rap_men/rap_men_text.c:D_0805ea44	games/rap_men/rap_men_text.c	D_0805ea44	Yo.	哟！	final	
games/rap_men/rap_men_text.c:D_0805ea50	games/rap_men/rap_men_text.c	D_0805ea50	Wanna rap together?	来，跟我们一起嗨吧	final	
games/rap_men/rap_men_text.c:D_0805ea6c	games/rap_men/rap_men_text.c	D_0805ea6c	Lemme break it down for you.	我们来教你怎么跟上节奏	final	
games/rap_men/rap_men_text.c:D_0805ea84	games/rap_men/rap_men_text.c	D_0805ea84	"Press  at the \""Uh!\"""	听到“嗯”那一下就按 A 键	final	
games/rap_men/rap_men_text.c:D_0805eaac	games/rap_men/rap_men_text.c	D_0805eaac	Give it a listen.	先听一遍吧	final	
games/rap_men/rap_men_text.c:D_0805eac4	games/rap_men/rap_men_text.c	D_0805eac4	You got it?	懂了吗？	final	
games/rap_men/rap_men_text.c:D_0805ead0	games/rap_men/rap_men_text.c	D_0805ead0	Try it out!	来，试试看	final	
games/rap_men/rap_men_text.c:D_0805eae8	games/rap_men/rap_men_text.c	D_0805eae8	Do your best!	加把劲啊	final	
games/rap_men/rap_men_text.c:D_0805eaf8	games/rap_men/rap_men_text.c	D_0805eaf8	"It's at the \""Uh!\"""	就是“嗯”那一下哦〜	final	
games/rap_men/rap_men_text.c:D_0805eb14	games/rap_men/rap_men_text.c	D_0805eb14	"You have to press  at the \""Uh!\"""	都说了是“嗯”那一下啦	final	
games/rap_men/rap_men_text.c:D_0805eb34	games/rap_men/rap_men_text.c	D_0805eb34	OK! You've got it!	OK！	final	
games/rap_men/rap_men_text.c:D_0805eb3c	games/rap_men/rap_men_text.c	D_0805eb3c	"That was a \"".bhuh?.8\"" line."	刚才练的，就是“……吗？”这种节奏。	final	control codes need review
games/rap_men/rap_men_text.c:D_0805eb6c	games/rap_men/rap_men_text.c	D_0805eb6c	"Now let's try the \"".9ya feel me?.8\"" line."	接下来是“……吧”这种节奏。	final	control codes need review
games/rap_men/rap_men_text.c:D_0805eb94	games/rap_men/rap_men_text.c	D_0805eb94	Take a listen.	先听一遍吧	final	
games/rap_men/rap_men_text.c:D_0805ebac	games/rap_men/rap_men_text.c	D_0805ebac	You got this!	那就，来吧	final	
games/rap_men/rap_men_text.c:D_0805ebc4	games/rap_men/rap_men_text.c	D_0805ebc4	"All that's left is our \"".aAWESOME!.8\"" line."	最后一种，是“……最棒啦！”的节奏	final	control codes need review
games/rap_men/rap_men_text.c:D_0805ebf4	games/rap_men/rap_men_text.c	D_0805ebf4	Give it a listen...	这个也先听一遍吧	final	
games/rap_men/rap_men_text.c:D_0805ec0c	games/rap_men/rap_men_text.c	D_0805ec0c	Now follow it up!	好，来吧	final	
games/rap_men/rap_men_text.c:D_0805ec24	games/rap_men/rap_men_text.c	D_0805ec24	"OK! You're pretty \"".aawesome.8\"" at this!"	OK！真是棒极啦！	final	control codes need review
games/rap_men/rap_women.bs:text_rap_women_aketeii_kamo_ne	games/rap_men/rap_women.bs	text_rap_women_aketeii_kamo_ne	.9:1Open 'em up, .9:0ya feel me?.8:1	也许可以打开吧	final	control codes need review
games/rap_men/rap_women.bs:text_rap_women_amakute_saikou	games/rap_men/rap_women.bs	text_rap_women_amakute_saikou	.a:1Sweets are .a:0so AWESOME!.8:1	甜甜的，最棒啦——！！	final	control codes need review
games/rap_men/rap_women.bs:text_rap_women_betsubara_saikou	games/rap_men/rap_women.bs	text_rap_women_betsubara_saikou	.a:1Cakes are .a:0so AWESOME!.8:1	甜点胃最棒啦——！！	final	control codes need review
games/rap_men/rap_women.bs:text_rap_women_dare_ni_mo_naisho	games/rap_men/rap_women.bs	text_rap_women_dare_ni_mo_naisho	.a:1Tell 'em we are .a:0LOATHSOME!.8:1	谁都别告诉呀——！！	final	control codes need review
games/rap_men/rap_women.bs:text_rap_women_juji_desu_ka	games/rap_men/rap_women.bs	text_rap_women_juji_desu_ka	.b:1It's 10 AM, .b:0huh?.8:1	上午十点了吗？	final	control codes need review
games/rap_men/rap_women.bs:text_rap_women_kare_ni_wa_naisho	games/rap_men/rap_women.bs	text_rap_women_kare_ni_wa_naisho	.a:1Clueless that we .a:0STOLE 'EM!.8:1	别告诉他呀——！！	final	control codes need review
games/rap_men/rap_women.bs:text_rap_women_kare_no_oyatsu_da_ne	games/rap_men/rap_women.bs	text_rap_women_kare_no_oyatsu_da_ne	.9:1These are all their snacks,.9:0 ya see?.8:1	那是他的点心吧	final	control codes need review
games/rap_men/rap_women.bs:text_rap_women_kibun_wa_saikou	games/rap_men/rap_women.bs	text_rap_women_kibun_wa_saikou	.a:1I feel .a:0so AWESOME!.8:1	心情最棒啦——！！	final	control codes need review
games/rap_men/rap_women.bs:text_rap_women_naisho_desu_ka	games/rap_men/rap_women.bs	text_rap_women_naisho_desu_ka	.b:1Who's to know, .b:0huh?.8:1	要保密吗？	final	control codes need review
games/rap_men/rap_women.bs:text_rap_women_oyatsu_desu_ka	games/rap_men/rap_women.bs	text_rap_women_oyatsu_desu_ka	.b:1It's snack time, .b:0huh?.8:1	该吃点心了吗？	final	control codes need review
games/rap_men/rap_women.bs:text_rap_women_oyatsu_wa_saikou	games/rap_men/rap_women.bs	text_rap_women_oyatsu_wa_saikou	.a:1Snacking is .a:0so AWESOME!.8:1	点心最棒啦——！！	final	control codes need review
games/rap_men/rap_women.bs:text_rap_women_tabeteii_kamo_ne	games/rap_men/rap_women.bs	text_rap_women_tabeteii_kamo_ne	.9:1Eat 'em all up, .9:0ya feel me?.8:1	也许可以吃吧	final	control codes need review
games/rap_men/rap_women_text.c:D_08067c80	games/rap_men/rap_women_text.c	D_08067c80	"The \""huh?\"" lines were baffling."	“……吗？”这段节奏还没跟上。	final	
games/rap_men/rap_women_text.c:D_08067ca4	games/rap_men/rap_women_text.c	D_08067ca4	"The \""huh?\"" lines were really rhythmical!"	“……吗？”这段节奏跟得真准！	final	
games/rap_men/rap_women_text.c:D_08067ccc	games/rap_men/rap_women_text.c	D_08067ccc	"Your \""feel\"" for this is subpar."	“……吧”这段还有点生硬。	final	
games/rap_men/rap_women_text.c:D_08067cf4	games/rap_men/rap_women_text.c	D_08067cf4	"Your \""feel\"" for this is superb!"	“……吧”这段真有感觉！	final	
games/rap_men/rap_women_text.c:D_08067d18	games/rap_men/rap_women_text.c	D_08067d18	"The \""AWESOME!\"" lines were just AWFUL."	“最棒啦！”这段还不够棒啊。	final	
games/rap_men/rap_women_text.c:D_08067d44	games/rap_men/rap_women_text.c	D_08067d44	"The \""AWESOME!\"" lines really were!"	“最棒啦！”这段简直棒极啦！	final	
games/rap_men/rap_women_text.c:D_08067d70	games/rap_men/rap_women_text.c	D_08067d70	RAPNOTES from the Girls:	她们的点评	final	
games/rap_men/rap_women_text.c:D_08067d84	games/rap_men/rap_women_text.c	D_08067d84	Shall we?	上吧！	final	
games/rap_men/rap_women_text.c:D_08067d90	games/rap_men/rap_women_text.c	D_08067d90	We should do that again sometime!	下次再一起玩呀〜	final	
games/rap_men/rap_women_text.c:D_08067da0	games/rap_men/rap_women_text.c	D_08067da0	"The \""huh?\"" lines were baffling."	“……吗？”这段节奏还没跟上。	final	
games/rap_men/rap_women_text.c:D_08067dc4	games/rap_men/rap_women_text.c	D_08067dc4	"The \""huh?\"" lines were really rhythmical!"	“……吗？”这段节奏跟得真准！	final	
games/rap_men/rap_women_text.c:D_08067dec	games/rap_men/rap_women_text.c	D_08067dec	"Your \""feel\"" for this is subpar."	“……吧”这段还有点生硬。	final	
games/rap_men/rap_women_text.c:D_08067e14	games/rap_men/rap_women_text.c	D_08067e14	"Your \""feel\"" for this is superb!"	“……吧”这段真有感觉！	final	
games/rap_men/rap_women_text.c:D_08067e3c	games/rap_men/rap_women_text.c	D_08067e3c	"The \""AWESOME!\"" lines were just AWFUL."	“最棒啦！”这段还不够棒啊。	final	
games/rap_men/rap_women_text.c:D_08067e6c	games/rap_men/rap_women_text.c	D_08067e6c	"The \""AWESOME!\"" lines really were!"	“最棒啦！”这段简直棒极啦！	final	
games/rap_men/rap_women_text.c:D_08067e98	games/rap_men/rap_women_text.c	D_08067e98	RAPNOTES from the Girls:	她们的点评	final	
games/rap_men/rap_women_text.c:D_08067eb0	games/rap_men/rap_women_text.c	D_08067eb0	Shall we?	上吧！	final	
games/rap_men/rap_women_text.c:D_08067ebc	games/rap_men/rap_women_text.c	D_08067ebc	We should do that again sometime!	下次再一起玩呀〜	final	
games/rap_men/rap_women_unused.bs:text_rap_women_unused_aketeii_kamo_ne	games/rap_men/rap_women_unused.bs	text_rap_women_unused_aketeii_kamo_ne	.9:1Open 'em up, .9:0ya feel me?.8:1	应该可以打开的吧	draft	control codes need review
games/rap_men/rap_women_unused.bs:text_rap_women_unused_amakute_saikou	games/rap_men/rap_women_unused.bs	text_rap_women_unused_amakute_saikou	.a:1Sweets are .a:0so AWESOME!.8:1	甜品都太棒啦一！！	draft	control codes need review
games/rap_men/rap_women_unused.bs:text_rap_women_unused_betsubara_saikou	games/rap_men/rap_women_unused.bs	text_rap_women_unused_betsubara_saikou	.a:1Cakes are .a:0so AWESOME!.8:1	半饱腹最棒啦一！！	draft	control codes need review
games/rap_men/rap_women_unused.bs:text_rap_women_unused_dare_ni_mo_naisho	games/rap_men/rap_women_unused.bs	text_rap_women_unused_dare_ni_mo_naisho	.a:1Tell 'em we are .a:0LOATHSOME!.8:1	对谁都要保密呀一！！	draft	control codes need review
games/rap_men/rap_women_unused.bs:text_rap_women_unused_juji_desu_ka	games/rap_men/rap_women_unused.bs	text_rap_women_unused_juji_desu_ka	.b:1It's 10 AM, .b:0huh?.8:1	十点了吗？	draft	control codes need review
games/rap_men/rap_women_unused.bs:text_rap_women_unused_kare_ni_wa_naisho	games/rap_men/rap_women_unused.bs	text_rap_women_unused_kare_ni_wa_naisho	.a:1Clueless that we .a:0STOLE 'EM!.8:1	对他要保密啊一！！	draft	control codes need review
games/rap_men/rap_women_unused.bs:text_rap_women_unused_kare_no_oyatsu_da_ne	games/rap_men/rap_women_unused.bs	text_rap_women_unused_kare_no_oyatsu_da_ne	.9:1These are all their snacks,.9:0 ya see?.8:1	那是他放的点心吧	draft	control codes need review
games/rap_men/rap_women_unused.bs:text_rap_women_unused_kibun_wa_saikou	games/rap_men/rap_women_unused.bs	text_rap_women_unused_kibun_wa_saikou	.a:1I feel .a:0so AWESOME!.8:1	心情最棒啦一！！	draft	control codes need review
games/rap_men/rap_women_unused.bs:text_rap_women_unused_naisho_desu_ka	games/rap_men/rap_women_unused.bs	text_rap_women_unused_naisho_desu_ka	.b:1Who's to know, .b:0huh?.8:1	要保密吗？	draft	control codes need review
games/rap_men/rap_women_unused.bs:text_rap_women_unused_oyatsu_desu_ka	games/rap_men/rap_women_unused.bs	text_rap_women_unused_oyatsu_desu_ka	.b:1It's snack time, .b:0huh?.8:1	来吃点心吗？	draft	control codes need review
games/rap_men/rap_women_unused.bs:text_rap_women_unused_oyatsu_wa_saikou	games/rap_men/rap_women_unused.bs	text_rap_women_unused_oyatsu_wa_saikou	.a:1Snacking is .a:0so AWESOME!.8:1	吃点心最棒啦—！！	draft	control codes need review
games/rap_men/rap_women_unused.bs:text_rap_women_unused_tabeteii_kamo_ne	games/rap_men/rap_women_unused.bs	text_rap_women_unused_tabeteii_kamo_ne	.9:1Eat 'em all up, .9:0ya feel me?.8:1	应该可以偷吃的吧	draft	control codes need review
games/rat_race/rat_race_text.c:D_0805d104	games/rat_race/rat_race_text.c	D_0805d104	Work on those stops!	不够利落啊。	final	
games/rat_race/rat_race_text.c:D_0805d118	games/rat_race/rat_race_text.c	D_0805d118	Your stops were perfect!	停得很稳！	final	
games/rat_race/rat_race_text.c:D_0805d130	games/rat_race/rat_race_text.c	D_0805d130	You need to practice your starts.	起步拖拖拉拉啊…	final	
games/rat_race/rat_race_text.c:D_0805d14c	games/rat_race/rat_race_text.c	D_0805d14c	Great starts!	起步很漂亮！	final	
games/rat_race/rat_race_text.c:D_0805d164	games/rat_race/rat_race_text.c	D_0805d164	Stop getting in the way!	真是的！别碍事啦！	final	
games/rat_race/rat_race_text.c:D_0805d184	games/rat_race/rat_race_text.c	D_0805d184	At the first sign,	等信号一出	final	
games/rat_race/rat_race_text.c:D_0805d198	games/rat_race/rat_race_text.c	D_0805d198	press and hold 	就一直按住 A	final	
games/rat_race/rat_race_text.c:D_0805d1ac	games/rat_race/rat_race_text.c	D_0805d1ac	to stay still!	给我停下！	final	
games/rat_race/rat_race_text.c:D_0805d1bc	games/rat_race/rat_race_text.c	D_0805d1bc	And at the next sign,	等下一个信号时	final	
games/rat_race/rat_race_text.c:D_0805d1d0	games/rat_race/rat_race_text.c	D_0805d1d0	release 	把 A 松开	final	
games/rat_race/rat_race_text.c:D_0805d1e0	games/rat_race/rat_race_text.c	D_0805d1e0	to start running!	冲出去！	final	
games/rat_race/rat_race_text.c:D_0805d1f0	games/rat_race/rat_race_text.c	D_0805d1f0	You ready, newbie? Go!	那就上啦！	final	
games/rat_race/rat_race_text.c:D_0805d204	games/rat_race/rat_race_text.c	D_0805d204	From here on out,	接下来可	final	
games/rat_race/rat_race_text.c:D_0805d214	games/rat_race/rat_race_text.c	D_0805d214	no more signs!	不会再给信号了	final	
games/rat_race/rat_race_text.c:D_0805d220	games/rat_race/rat_race_text.c	D_0805d220	Trust your instincts!	给我打起精神来！	final	
games/rat_race/rat_race_text.c:D_0805d234	games/rat_race/rat_race_text.c	D_0805d234	Hushed Whispers	伙伴的一句话	final	
games/remix_1/remix_1_text.c:D_0805ca34	games/remix_1/remix_1_text.c	D_0805ca34	Try a little harder.	还得继续努力。	final	
games/remix_1/remix_1_text.c:D_0805ca44	games/remix_1/remix_1_text.c	D_0805ca44	That was really great!	简直太棒啦！！	final	
games/remix_1/remix_1_text.c:D_0805ca60	games/remix_1/remix_1_text.c	D_0805ca60	Your decisions took too long.	判断还差点火候。	final	
games/remix_1/remix_1_text.c:D_0805ca84	games/remix_1/remix_1_text.c	D_0805ca84	You thought on the spot well!	判断真漂亮！	final	
games/remix_1/remix_1_text.c:D_0805caa8	games/remix_1/remix_1_text.c	D_0805caa8	Your technique needs work.	再好好磨练一下吧。	final	
games/remix_1/remix_1_text.c:D_0805cac4	games/remix_1/remix_1_text.c	D_0805cac4	Your technique is solid!	技术不错啊！	final	
games/remix_1/remix_1_text.c:D_0805cadc	games/remix_1/remix_1_text.c	D_0805cadc	Rhythm League notes:	来自神秘节奏组织的通告	final	
games/remix_1/remix_1_text.c:D_0805caf8	games/remix_1/remix_1_text.c	D_0805caf8	Try a little harder.	还得继续努力。	final	
games/remix_1/remix_1_text.c:D_0805cb08	games/remix_1/remix_1_text.c	D_0805cb08	That was really great!	简直太棒啦！！	final	
games/remix_1/remix_1_text.c:D_0805cb24	games/remix_1/remix_1_text.c	D_0805cb24	Your decisions took too long.	判断还差点火候。	final	
games/remix_1/remix_1_text.c:D_0805cb48	games/remix_1/remix_1_text.c	D_0805cb48	You thought on the spot well!	判断真漂亮！	final	
games/remix_1/remix_1_text.c:D_0805cb6c	games/remix_1/remix_1_text.c	D_0805cb6c	Keep working on your rhythm.	再好好磨练一下吧。	final	
games/remix_1/remix_1_text.c:D_0805cb88	games/remix_1/remix_1_text.c	D_0805cb88	Your technique is solid!	技术不错啊！	final	
games/remix_1/remix_1_text.c:D_0805cba0	games/remix_1/remix_1_text.c	D_0805cba0	Rhythm League notes:	来自神秘节奏组织的通告	final	
games/remix_2/remix_2_text.c:D_08067ecc	games/remix_2/remix_2_text.c	D_08067ecc	Try a little harder.	还得继续努力。	final	
games/remix_2/remix_2_text.c:D_08067edc	games/remix_2/remix_2_text.c	D_08067edc	That was really great!	简直太棒啦！！	final	
games/remix_2/remix_2_text.c:D_08067ef8	games/remix_2/remix_2_text.c	D_08067ef8	Your decisions took too long.	判断还差点火候。	final	
games/remix_2/remix_2_text.c:D_08067f1c	games/remix_2/remix_2_text.c	D_08067f1c	You thought on the spot well!	判断真漂亮！	final	
games/remix_2/remix_2_text.c:D_08067f40	games/remix_2/remix_2_text.c	D_08067f40	Your technique needs work.	再好好磨练一下吧。	final	
games/remix_2/remix_2_text.c:D_08067f5c	games/remix_2/remix_2_text.c	D_08067f5c	Your technique is solid!	技术不错啊！	final	
games/remix_2/remix_2_text.c:D_08067f74	games/remix_2/remix_2_text.c	D_08067f74	Rhythm League notes:	来自神秘节奏组织的通告	final	
games/remix_2/remix_2_text.c:D_08067f90	games/remix_2/remix_2_text.c	D_08067f90	.1:0Do-n do-n .2:0pa-n pan	咚ーん　咚ーん　啪ーん　啪	final	control codes need review
games/remix_2/remix_2_text.c:D_08067fcc	games/remix_2/remix_2_text.c	D_08067fcc	.1:0Dondo .2:0pa-n pan	咚咚 啪ー 啪	final	control codes need review
games/remix_2/remix_2_text.c:D_08067ff8	games/remix_2/remix_2_text.c	D_08067ff8	Are you lovestruck?	恋爱了吗？	final	
games/remix_2/remix_2_text.c:D_08068008	games/remix_2/remix_2_text.c	D_08068008	Don't fall back!	好紧张啊！！	final	
games/remix_2/remix_2_text.c:D_08068018	games/remix_2/remix_2_text.c	D_08068018	Keep up the pace!	加油啊〜！	final	
games/remix_2/remix_2_text.c:D_08068019	games/remix_2/remix_2_text.c	D_08068019	1	１	final	
games/remix_2/remix_2_text.c:D_0806801B	games/remix_2/remix_2_text.c	D_0806801B	2	２	final	
games/remix_2/remix_2_text.c:D_0806801C	games/remix_2/remix_2_text.c	D_0806801C	3	３	final	
games/remix_2/remix_2_text.c:D_0806801D	games/remix_2/remix_2_text.c	D_0806801D	Now!	射！	final	
games/remix_2/remix_2_text.c:D_0806801F	games/remix_2/remix_2_text.c	D_0806801F	Back to normal, be ready!	节奏变回来了，做好准备！	final	
games/remix_3/remix_3_text.c:D_0806a010	games/remix_3/remix_3_text.c	D_0806a010	Try a little harder.	还得继续努力。	final	
games/remix_3/remix_3_text.c:D_0806a020	games/remix_3/remix_3_text.c	D_0806a020	That was really great!	简直太棒啦！！	final	
games/remix_3/remix_3_text.c:D_0806a03c	games/remix_3/remix_3_text.c	D_0806a03c	Your decisions took too long.	判断还差点火候。	final	
games/remix_3/remix_3_text.c:D_0806a060	games/remix_3/remix_3_text.c	D_0806a060	You thought on the spot well!	判断真漂亮！	final	
games/remix_3/remix_3_text.c:D_0806a084	games/remix_3/remix_3_text.c	D_0806a084	Your technique needs work.	再好好磨练一下吧。	final	
games/remix_3/remix_3_text.c:D_0806a0a0	games/remix_3/remix_3_text.c	D_0806a0a0	Your technique is solid!	技术不错啊！	final	
games/remix_3/remix_3_text.c:D_0806a0b8	games/remix_3/remix_3_text.c	D_0806a0b8	Rhythm League notes:	来自神秘节奏组织的通告	final	
games/remix_3/remix_3_text.c:D_0806a0d4	games/remix_3/remix_3_text.c	D_0806a0d4	\x05\x31\x01\x35 ♪ Honey Sweet Angel of Love	♪　恋爱的Honey Sweet〜Angel	final	control codes need review
games/remix_3/remix_3_text.c:D_0806a0fc	games/remix_3/remix_3_text.c	D_0806a0fc	\x05\x31\x01\x35 Vocals:  Ami Tokito	演唱　　時東　ぁみ	final	control codes need review
games/remix_3/remix_3_text.c:D_0806a118	games/remix_3/remix_3_text.c	D_0806a118	\x05\x31\x01\x35 Music:  Tsunku♂	作词　作曲　　淳君♂	final	control codes need review
games/remix_3/remix_3_text.c:D_0806a134	games/remix_3/remix_3_text.c	D_0806a134	\x05\x31\x01\x35 Arrangement: H. D. Suzuki	编曲　　鈴木Daichi秀行	final	control codes need review
games/remix_3/remix_3_text.c:D_0806a154	games/remix_3/remix_3_text.c	D_0806a154	\n\x05\x31\x01\x35\x01\x43Managed by J.P ROOM	歌曲提供　　J.P.ROOM	final	control codes need review
games/remix_4/remix_4_text.c:D_0806802c	games/remix_4/remix_4_text.c	D_0806802c	Try a little harder.	还得继续努力。	final	
games/remix_4/remix_4_text.c:D_0806803c	games/remix_4/remix_4_text.c	D_0806803c	That was really great!	简直太棒啦！！	final	
games/remix_4/remix_4_text.c:D_08068058	games/remix_4/remix_4_text.c	D_08068058	Your decisions took too long.	判断还差点火候。	final	
games/remix_4/remix_4_text.c:D_0806807c	games/remix_4/remix_4_text.c	D_0806807c	You thought on the spot well!	判断真漂亮！	final	
games/remix_4/remix_4_text.c:D_080680a0	games/remix_4/remix_4_text.c	D_080680a0	Your technique needs work.	再好好磨练一下吧。	final	
games/remix_4/remix_4_text.c:D_080680bc	games/remix_4/remix_4_text.c	D_080680bc	Your technique is solid!	技术不错啊！	final	
games/remix_4/remix_4_text.c:D_080680d4	games/remix_4/remix_4_text.c	D_080680d4	Rhythm League notes:	来自神秘节奏组织的通告	final	
games/remix_4/remix_4_text.c:D_080680f0	games/remix_4/remix_4_text.c	D_080680f0	\nHere we go!	要上啦！	final	
games/remix_4/remix_4_text.c:D_080680fc	games/remix_4/remix_4_text.c	D_080680fc	\nGo ahead.	请开始。	final	
games/remix_4/remix_4_text.c:D_08068108	games/remix_4/remix_4_text.c	D_08068108	\nAaaand stop!\n\n	到此为止！！	final	
games/remix_4/remix_4_text.c:D_08068118	games/remix_4/remix_4_text.c	D_08068118	\nAww, too bad!	可惜！！	final	
games/remix_4/remix_4_text.c:D_08068128	games/remix_4/remix_4_text.c	D_08068128	\nImpressive!	漂亮！！	final	
games/remix_4/remix_4_text.c:D_08068138	games/remix_4/remix_4_text.c	D_08068138	Let's slow things down a bit...	放慢一点吧。	final	
games/remix_4/remix_4_text.c:D_0806814c	games/remix_4/remix_4_text.c	D_0806814c	This is it, the\nfinal question!\n\n	最后一题。	final	
games/remix_4/remix_4_text.c:D_0806815c	games/remix_4/remix_4_text.c	D_0806815c	And the correct\nanswer is...\n\n	那么，正确答案是？	final	
games/remix_5/remix_5_text.c:D_0806a230	games/remix_5/remix_5_text.c	D_0806a230	Try a little harder.	还得继续努力。	final	
games/remix_5/remix_5_text.c:D_0806a240	games/remix_5/remix_5_text.c	D_0806a240	That was really great!	简直太棒啦！！	final	
games/remix_5/remix_5_text.c:D_0806a25c	games/remix_5/remix_5_text.c	D_0806a25c	Your decisions took too long.	判断还差点火候。	final	
games/remix_5/remix_5_text.c:D_0806a280	games/remix_5/remix_5_text.c	D_0806a280	You thought on the spot well!	判断真漂亮！	final	
games/remix_5/remix_5_text.c:D_0806a2a4	games/remix_5/remix_5_text.c	D_0806a2a4	Your technique needs work.	再好好磨练一下吧。	final	
games/remix_5/remix_5_text.c:D_0806a2c0	games/remix_5/remix_5_text.c	D_0806a2c0	Your technique is solid!	技术不错啊！	final	
games/remix_5/remix_5_text.c:D_0806a2d8	games/remix_5/remix_5_text.c	D_0806a2d8	Rhythm League notes:	来自神秘节奏组织的通告	final	
games/remix_5/remix_5_text.c:D_0806a2f4	games/remix_5/remix_5_text.c	D_0806a2f4	\x01\x52\x05\x31\x01\x35♪ WISH - Can't Wait for You 	♪ WISH 我多想再为你等待	draft	control codes need review
games/remix_5/remix_5_text.c:D_0806a314	games/remix_5/remix_5_text.c	D_0806a314	\x01\x4c Vocals:  Sohshi Tanaka	演唱　　田中　総史	final	control codes need review
games/remix_5/remix_5_text.c:D_0806a32c	games/remix_5/remix_5_text.c	D_0806a32c	\x01\x4c Music:\n        Tsunku♂\n Arrangement:\n        Koichi Yuasa	"作词　作曲
　　　　　　　　淳君
编曲
　　　　　　　　湯浅　公一"	final	control codes need review
games/remix_5/remix_5_text.c:D_0806a370	games/remix_5/remix_5_text.c	D_0806a370	\x01\x43Managed by J.P ROOM	歌曲提供　　J.P.ROOM	final	control codes need review
games/remix_6/remix_6.bs:text_remix_6_honto_desu_ka	games/remix_6/remix_6.bs	text_remix_6_honto_desu_ka	.b:1Maybe so, .b:0huh?.8:1	真的这样吗？	draft	control codes need review
games/remix_6/remix_6.bs:text_remix_6_kimi_tte_saikou	games/remix_6/remix_6.bs	text_remix_6_kimi_tte_saikou	.a:1You are .a:0so AWESOME!.8:0	你真的太棒啦—！！	draft	control codes need review
games/remix_6/remix_6_text.c:D_0806a7a8	games/remix_6/remix_6_text.c	D_0806a7a8	Try a little harder.	还差一点。	final	
games/remix_6/remix_6_text.c:D_0806a7b8	games/remix_6/remix_6_text.c	D_0806a7b8	That was really great!	简直太棒啦！！	final	
games/remix_6/remix_6_text.c:D_0806a7d4	games/remix_6/remix_6_text.c	D_0806a7d4	Your decisions took too long.	判断还差点火候。	final	
games/remix_6/remix_6_text.c:D_0806a7f8	games/remix_6/remix_6_text.c	D_0806a7f8	You thought on the spot well!	判断真漂亮！	final	
games/remix_6/remix_6_text.c:D_0806a81c	games/remix_6/remix_6_text.c	D_0806a81c	Your technique needs work.	再好好磨练一下吧。	final	
games/remix_6/remix_6_text.c:D_0806a838	games/remix_6/remix_6_text.c	D_0806a838	Your technique is solid!	技术不错啊！	final	
games/remix_6/remix_6_text.c:D_0806a850	games/remix_6/remix_6_text.c	D_0806a850	Rhythm League notes:	来自神秘节奏组织的通告	final	
games/remix_6/remix_6_text.c:D_0806a86c	games/remix_6/remix_6_text.c	D_0806a86c	Let's review your learnings!	那么，就从这里开始复习吧！	final	
games/remix_6/remix_6_text.c:D_0806a898	games/remix_6/remix_6_text.c	D_0806a898	It's easy, to say in advance!	先说在前头，这关其实挺简单的！！	final	
games/remix_6/remix_6_text.c:D_0806a8c8	games/remix_6/remix_6_text.c	D_0806a8c8	Let fun be had!	好好享受哦！	final	
games/remix_6/remix_6_text.c:D_0806a8d8	games/remix_6/remix_6_text.c	D_0806a8d8	\nHere we go!	要上啦！	final	
games/remix_6/remix_6_text.c:D_0806a8e4	games/remix_6/remix_6_text.c	D_0806a8e4	\nGo ahead.	请开始。	final	
games/remix_6/remix_6_text.c:D_0806a8f0	games/remix_6/remix_6_text.c	D_0806a8f0	\nAaaand stop!	到此为止！！	final	
games/remix_6/remix_6_text.c:D_0806a900	games/remix_6/remix_6_text.c	D_0806a900	\nAww, too bad!	可惜！！	final	
games/remix_6/remix_6_text.c:D_0806a910	games/remix_6/remix_6_text.c	D_0806a910	\nImpressive!	漂亮！！	final	
games/remix_6/remix_6_text.c:D_0806a920	games/remix_6/remix_6_text.c	D_0806a920	.1:0Dondo .2:0panpa	咚咚 啪啪	final	control codes need review
games/remix_6/remix_6_text.c:D_0806a944	games/remix_6/remix_6_text.c	D_0806a944	.1:0Do-n .2:0pa-n pan	咚ー 啪ー 啪	final	control codes need review
games/remix_6/remix_6_text.c:D_0806a970	games/remix_6/remix_6_text.c	D_0806a970	The end!	结束！	final	
games/remix_7/remix_7_text.c:D_0806a16c	games/remix_7/remix_7_text.c	D_0806a16c	Try a little harder.	还得继续努力。	final	
games/remix_7/remix_7_text.c:D_0806a17c	games/remix_7/remix_7_text.c	D_0806a17c	That was really great!	简直太棒啦！！	final	
games/remix_7/remix_7_text.c:D_0806a198	games/remix_7/remix_7_text.c	D_0806a198	Your decisions took too long.	判断还差点火候。	final	
games/remix_7/remix_7_text.c:D_0806a1bc	games/remix_7/remix_7_text.c	D_0806a1bc	You thought on the spot well!	判断真漂亮！	final	
games/remix_7/remix_7_text.c:D_0806a1e0	games/remix_7/remix_7_text.c	D_0806a1e0	Your technique needs work.	再好好磨练一下吧。	final	
games/remix_7/remix_7_text.c:D_0806a1fc	games/remix_7/remix_7_text.c	D_0806a1fc	Your technique is solid!	技术不错啊！	final	
games/remix_7/remix_7_text.c:D_0806a214	games/remix_7/remix_7_text.c	D_0806a214	Rhythm League notes:	来自神秘节奏组织的通告	final	
games/remix_8/remix_8_text.c:D_0806a97c	games/remix_8/remix_8_text.c	D_0806a97c	Try a little harder.	还得继续努力。	final	
games/remix_8/remix_8_text.c:D_0806a98c	games/remix_8/remix_8_text.c	D_0806a98c	That was really great!	简直太棒啦！！	final	
games/remix_8/remix_8_text.c:D_0806a9a8	games/remix_8/remix_8_text.c	D_0806a9a8	Your decisions took too long.	判断还差点火候。	final	
games/remix_8/remix_8_text.c:D_0806a9cc	games/remix_8/remix_8_text.c	D_0806a9cc	You thought on the spot well!	判断真漂亮！	final	
games/remix_8/remix_8_text.c:D_0806a9f0	games/remix_8/remix_8_text.c	D_0806a9f0	Your technique needs work.	再好好磨练一下吧。	final	
games/remix_8/remix_8_text.c:D_0806aa0c	games/remix_8/remix_8_text.c	D_0806aa0c	Your technique is solid!	技术不错啊！	final	
games/remix_8/remix_8_text.c:D_0806aa24	games/remix_8/remix_8_text.c	D_0806aa24	Rhythm League notes:	来自神秘节奏组织的通告	final	
games/remix_8/remix_8_text.c:D_0806aa40	games/remix_8/remix_8_text.c	D_0806aa40	For you it is possible!	你一定能做到！	final	
games/remix_8/remix_8_text.c:D_0806aa50	games/remix_8/remix_8_text.c	D_0806aa50	Keep it up!	可得撑住啊——！！	final	
games/remix_8/remix_8_text.c:D_0806aa64	games/remix_8/remix_8_text.c	D_0806aa64	Give it your all!	冲啊！！	final	
games/remix_8/remix_8_text.c:D_0806aa74	games/remix_8/remix_8_text.c	D_0806aa74	It's the final push!	再加把劲！！	final	
games/remix_8/remix_8_text.c:D_0806aa8c	games/remix_8/remix_8_text.c	D_0806aa8c	It's almost over!	下一个就结束啦，吱！	final	
games/rhythm_test/rhythm_test_text.c:D_0805eed8	games/rhythm_test/rhythm_test_text.c	D_0805eed8	Press  in time with the signal.	请跟着声音按下 A 键。	final	
games/rhythm_test/rhythm_test_text.c:D_0805ef00	games/rhythm_test/rhythm_test_text.c	D_0805ef00	You're halfway there!	还有一半	final	
games/rhythm_test/rhythm_test_text.c:D_0805ef0c	games/rhythm_test/rhythm_test_text.c	D_0805ef0c	3	3	final	
games/rhythm_test/rhythm_test_text.c:D_0805ef10	games/rhythm_test/rhythm_test_text.c	D_0805ef10	2	2	final	
games/rhythm_test/rhythm_test_text.c:D_0805ef14	games/rhythm_test/rhythm_test_text.c	D_0805ef14	1	1	final	
games/rhythm_test/rhythm_test_text.c:D_0805ef18	games/rhythm_test/rhythm_test_text.c	D_0805ef18	Press  when the timer hits 0.	请在数到“零”的同时按下 A 键	final	
games/rhythm_test/rhythm_test_text.c:D_0805ef44	games/rhythm_test/rhythm_test_text.c	D_0805ef44	When there's no sound, count to yourself.	声音消失时，请在心里继续数拍	final	
games/rhythm_test/rhythm_test_text.c:D_0805ef74	games/rhythm_test/rhythm_test_text.c	D_0805ef74	Now, let's start measuring.	那么，开始测定	final	
games/rhythm_test/rhythm_test_text.c:D_0805ef8c	games/rhythm_test/rhythm_test_text.c	D_0805ef8c	Press  in time with the signal.	请跟着声音按下 A 键。	final	
games/rhythm_test/rhythm_test_text.c:D_0805efb4	games/rhythm_test/rhythm_test_text.c	D_0805efb4	Keep it up like this!	就这样，继续保持节奏	final	
games/rhythm_test/rhythm_test_text.c:D_0805efd8	games/rhythm_test/rhythm_test_text.c	D_0805efd8	You'll have to put in a lot of effort...	看来还需要下不少功夫呢…	final	
games/rhythm_test/rhythm_test_text.c:D_0805eff4	games/rhythm_test/rhythm_test_text.c	D_0805eff4	You'll need to try a little harder.	再稍微加把劲吧。	final	
games/rhythm_test/rhythm_test_text.c:D_0805f014	games/rhythm_test/rhythm_test_text.c	D_0805f014	You're as accurate as any average guy.	准确度算是一般。	final	
games/rhythm_test/rhythm_test_text.c:D_0805f034	games/rhythm_test/rhythm_test_text.c	D_0805f034	You have an accurate biological clock!	你的体内时钟相当准确！	final	
games/rhythm_test/rhythm_test_text.c:D_0805f054	games/rhythm_test/rhythm_test_text.c	D_0805f054	Incredible! You're as precise as an atomic clock!	厉害！准得像电波钟一样！！	final	
games/rhythm_test/rhythm_test_text.c:D_0805f078	games/rhythm_test/rhythm_test_text.c	D_0805f078	Let's find out how good your rhythm is.	来测一测你的节奏感吧	final	
games/rhythm_test/rhythm_test_text.c:D_0805f09c	games/rhythm_test/rhythm_test_text.c	D_0805f09c	We're going to do three tests.	接下来要做 3 次测试	final	
games/rhythm_test/rhythm_test_text.c:D_0805f0bc	games/rhythm_test/rhythm_test_text.c	D_0805f0bc	Here's the first rhythm test.	那么，第 1 次开始	final	
games/rhythm_test/rhythm_test_text.c:D_0805f0d0	games/rhythm_test/rhythm_test_text.c	D_0805f0d0	Let's move on to the second test.	第 2 次测试，开始咯	final	
games/rhythm_test/rhythm_test_text.c:D_0805f0ec	games/rhythm_test/rhythm_test_text.c	D_0805f0ec	This is the final test.	这是最后一次测试	final	
games/rhythm_test/rhythm_test_text.c:D_0805f100	games/rhythm_test/rhythm_test_text.c	D_0805f100		那么，结果会是…？	final	
games/rhythm_tweezers/rhythm_tweezers_text.c:D_0805b490	games/rhythm_tweezers/rhythm_tweezers_text.c	D_0805b490	Plucking practice is prescribed.	要好好拔干净哦。	final	
games/rhythm_tweezers/rhythm_tweezers_text.c:D_0805b4b0	games/rhythm_tweezers/rhythm_tweezers_text.c	D_0805b4b0	The curly ones were tough for you.	卷毛还没拔干净。	final	
games/rhythm_tweezers/rhythm_tweezers_text.c:D_0805b4d0	games/rhythm_tweezers/rhythm_tweezers_text.c	D_0805b4d0	Good work on the curly ones!	卷毛拔得挺干净！	final	
games/rhythm_tweezers/rhythm_tweezers_text.c:D_0805b4ec	games/rhythm_tweezers/rhythm_tweezers_text.c	D_0805b4ec	You missed a few.	毛多那块还留了不少啊。	final	
games/rhythm_tweezers/rhythm_tweezers_text.c:D_0805b510	games/rhythm_tweezers/rhythm_tweezers_text.c	D_0805b510	You didn't flinch when it got hectic!	毛多的那块，已经拔得溜光了！	final	
games/rhythm_tweezers/rhythm_tweezers_text.c:D_0805b530	games/rhythm_tweezers/rhythm_tweezers_text.c	D_0805b530	Unwanted-hair check:	多余毛发检查	final	
games/rhythm_tweezers/rhythm_tweezers_text.c:D_0805b544	games/rhythm_tweezers/rhythm_tweezers_text.c	D_0805b544	Hello!	欢迎光临。	final	
games/rhythm_tweezers/rhythm_tweezers_text.c:D_0805b550	games/rhythm_tweezers/rhythm_tweezers_text.c	D_0805b550	Press  or  to pluck the hair at the right time.	用 A 键或十字键拔毛哦！	final	
games/rhythm_tweezers/rhythm_tweezers_text.c:D_0805b580	games/rhythm_tweezers/rhythm_tweezers_text.c	D_0805b580	\x05\x30\x01\x34\x03\x31\x01\x6dOK!	OK	final	control codes need review
games/rhythm_tweezers/rhythm_tweezers_text.c:D_0805b590	games/rhythm_tweezers/rhythm_tweezers_text.c	D_0805b590	\x05\x34\x01\x38\x03\x30\x01\x73For the curly hairs, hold  or  until it's plucked.	那些卷的毛要长按按钮，把它拽出来哦。	final	control codes need review
games/rhythm_tweezers/rhythm_tweezers_text.c:D_0805b5c8	games/rhythm_tweezers/rhythm_tweezers_text.c	D_0805b5c8	\x05\x34\x01\x38\x03\x30\x01\x73When there's a lot, using both hands might help!	毛太多的时候，两只手一起上会轻松些哦。	final	control codes need review
games/rhythm_tweezers/rhythm_tweezers_text.c:D_0805b5f4	games/rhythm_tweezers/rhythm_tweezers_text.c	D_0805b5f4	\x05\x34\x01\x38\x03\x30\x01\x73It's time for the real thing. Make me proud.	那么，正式开始。	final	control codes need review
games/rhythm_tweezers/rhythm_tweezers_text.c:D_0805b614	games/rhythm_tweezers/rhythm_tweezers_text.c	D_0805b614	Plucking practice is prescribed.	要好好拔干净哦。	final	
games/rhythm_tweezers/rhythm_tweezers_text.c:D_0805b634	games/rhythm_tweezers/rhythm_tweezers_text.c	D_0805b634	The curly ones were tough for you.	卷毛还没拔干净。	final	
games/rhythm_tweezers/rhythm_tweezers_text.c:D_0805b654	games/rhythm_tweezers/rhythm_tweezers_text.c	D_0805b654	Good work on the curly ones!	卷毛拔得挺干净！	final	
games/rhythm_tweezers/rhythm_tweezers_text.c:D_0805b670	games/rhythm_tweezers/rhythm_tweezers_text.c	D_0805b670	You missed a few.	毛多那块还留了不少啊。	final	
games/rhythm_tweezers/rhythm_tweezers_text.c:D_0805b694	games/rhythm_tweezers/rhythm_tweezers_text.c	D_0805b694	You didn't flinch when it got hectic!	毛多的那块，已经拔得溜光了！	final	
games/rhythm_tweezers/rhythm_tweezers_text.c:D_0805b6b8	games/rhythm_tweezers/rhythm_tweezers_text.c	D_0805b6b8	You were plucking a mile a minute!	拔得超快！真能干！！	final	
games/rhythm_tweezers/rhythm_tweezers_text.c:D_0805b6e4	games/rhythm_tweezers/rhythm_tweezers_text.c	D_0805b6e4	Unwanted-hair check:	多余毛发检查	final	
games/samurai_slice/samurai_slice_text.c:D_0805bca8	games/samurai_slice/samurai_slice_text.c	D_0805bca8	Work on your basics.	基本功还没到家啊。	final	
games/samurai_slice/samurai_slice_text.c:D_0805bcc8	games/samurai_slice/samurai_slice_text.c	D_0805bcc8	They ambushed you in the fog.	看不见敌人就不行了啊…	final	
games/samurai_slice/samurai_slice_text.c:D_0805bcec	games/samurai_slice/samurai_slice_text.c	D_0805bcec	You cut straight through the fog!	看不见敌人也打得不错！	final	
games/samurai_slice/samurai_slice_text.c:D_0805bd10	games/samurai_slice/samurai_slice_text.c	D_0805bd10	You struggled against their quick pace.	看来你不太擅长快节奏啊…	final	
games/samurai_slice/samurai_slice_text.c:D_0805bd30	games/samurai_slice/samurai_slice_text.c	D_0805bd30	Even the fastest ones couldn't pass you!	快节奏抓得很好！	final	
games/samurai_slice/samurai_slice_text.c:D_0805bd50	games/samurai_slice/samurai_slice_text.c	D_0805bd50	The slow ones couldn't trip you up!	慢拍处理得漂亮！	final	
games/samurai_slice/samurai_slice_text.c:D_0805bd68	games/samurai_slice/samurai_slice_text.c	D_0805bd68	   Slice the enemies!	把敌人斩掉！	final	
games/samurai_slice/samurai_slice_text.c:D_0805bd7c	games/samurai_slice/samurai_slice_text.c	D_0805bd7c	Hm...	唔…	final	
games/samurai_slice/samurai_slice_text.c:D_0805bd88	games/samurai_slice/samurai_slice_text.c	D_0805bd88	It's getting foggy...	起雾了啊…	final	
games/samurai_slice/samurai_slice_text.c:D_0805bda4	games/samurai_slice/samurai_slice_text.c	D_0805bda4	Two of them...?	两只…！？	final	
games/samurai_slice/samurai_slice_text.c:D_0805bdb8	games/samurai_slice/samurai_slice_text.c	D_0805bdb8	The Spectators' Tale	围观者的话	final	
games/showtime/showtime_text.c:D_0805e180	games/showtime/showtime_text.c	D_0805e180	They're not very happy.	企鹅不太满意。	final	
games/showtime/showtime_text.c:D_0805e194	games/showtime/showtime_text.c	D_0805e194	They're pretty pleased!	企鹅很满意。	final	
games/showtime/showtime_text.c:D_0805e1a8	games/showtime/showtime_text.c	D_0805e1a8	The penguins' moods...	企鹅的反应	final	
games/showtime/showtime_text.c:D_0805e1bc	games/showtime/showtime_text.c	D_0805e1bc	It's showtime!	正式开始！	final	
games/showtime/showtime_text.c:D_0805e1d4	games/showtime/showtime_text.c	D_0805e1d4	Let's practise our penguin routine.	要和企鹅们一起表演。	final	
games/showtime/showtime_text.c:D_0805e1f8	games/showtime/showtime_text.c	D_0805e1f8	Press  on the count of 3!	跟着信号按 A 键！	final	
games/showtime/showtime_text.c:D_0805e21c	games/showtime/showtime_text.c	D_0805e21c	1	1	final	
games/showtime/showtime_text.c:D_0805e220	games/showtime/showtime_text.c	D_0805e220	2	2	final	
games/showtime/showtime_text.c:D_0805e224	games/showtime/showtime_text.c	D_0805e224	Go!	嘿！	final	
games/showtime/showtime_text.c:D_0805e22c	games/showtime/showtime_text.c	D_0805e22c	Let's move on...	就是这种感觉	final	
games/showtime/showtime_text.c:D_0805e23c	games/showtime/showtime_text.c	D_0805e23c	Here come the big penguins.	接下来是大企鹅。	final	
games/showtime/showtime_text.c:D_0805e258	games/showtime/showtime_text.c	D_0805e258	Great instinct!	感觉不错。	final	
games/showtime/showtime_text.c:D_0805e268	games/showtime/showtime_text.c	D_0805e268	Now come the white penguins.	接下来是白企鹅。	final	
games/showtime/showtime_text.c:D_0805e280	games/showtime/showtime_text.c	D_0805e280	They're rather tricky!	这下可快哦！	final	
games/showtime/showtime_text.c:D_0805e28c	games/showtime/showtime_text.c	D_0805e28c	Get ready for the real thing!	差不多要开始啦——！！	final	
games/sick_beats/sick_beats_text.c:D_0805b6f8	games/sick_beats/sick_beats_text.c	D_0805b6f8	The viruses slipped right past you.	有不少下没打准呢。	final	
games/sick_beats/sick_beats_text.c:D_0805b71c	games/sick_beats/sick_beats_text.c	D_0805b71c	Truly spectacular exterminating!	打得真漂亮！	final	
games/sick_beats/sick_beats_text.c:D_0805b73c	games/sick_beats/sick_beats_text.c	D_0805b73c	We lost a lot of them...	你放跑了不少啊…	final	
games/sick_beats/sick_beats_text.c:D_0805b764	games/sick_beats/sick_beats_text.c	D_0805b764	A word from your Assistant:	助手的一句话	final	
games/sneaky_spirits/sneaky_spirits_text.c:D_0805ba80	games/sneaky_spirits/sneaky_spirits_text.c	D_0805ba80	Your archery fundamentals needed work.	最基本的都还做不到呢。	final	
games/sneaky_spirits/sneaky_spirits_text.c:D_0805baa0	games/sneaky_spirits/sneaky_spirits_text.c	D_0805baa0	The silent ghosts sneaked past you.	声音一消失，你好像就会慌呢…	final	
games/sneaky_spirits/sneaky_spirits_text.c:D_0805bac4	games/sneaky_spirits/sneaky_spirits_text.c	D_0805bac4	You hit them even when they were quiet.	就算声音消失了也很镇定！	final	
games/sneaky_spirits/sneaky_spirits_text.c:D_0805bae4	games/sneaky_spirits/sneaky_spirits_text.c	D_0805bae4	You should have counted to yourself.	可要好好数拍子哦。	final	
games/sneaky_spirits/sneaky_spirits_text.c:D_0805bb04	games/sneaky_spirits/sneaky_spirits_text.c	D_0805bb04	Your internal count was spot on!	默数拍子很准啊！	final	
games/sneaky_spirits/sneaky_spirits_text.c:D_0805bb20	games/sneaky_spirits/sneaky_spirits_text.c	D_0805bb20	You did superbly against the slow ones.	就算速度超慢，也完成得很棒！	final	
games/sneaky_spirits/sneaky_spirits_text.c:D_0805bb40	games/sneaky_spirits/sneaky_spirits_text.c	D_0805bb40	Stop those ghosts!	把那个白色的家伙	final	
games/sneaky_spirits/sneaky_spirits_text.c:D_0805bb58	games/sneaky_spirits/sneaky_spirits_text.c	D_0805bb58	Don't let them get away!	狠狠干掉吧！	final	
games/sneaky_spirits/sneaky_spirits_text.c:D_0805bb68	games/sneaky_spirits/sneaky_spirits_text.c	D_0805bb68	Your timing has to be...	时机就是…	final	
games/sneaky_spirits/sneaky_spirits_text.c:D_0805bb78	games/sneaky_spirits/sneaky_spirits_text.c	D_0805bb78	...perfect!	这里！	final	
games/sneaky_spirits/sneaky_spirits_text.c:D_0805bb88	games/sneaky_spirits/sneaky_spirits_text.c	D_0805bb88	Watch carefully.	要看仔细哦！	final	
games/sneaky_spirits/sneaky_spirits_text.c:D_0805bb9c	games/sneaky_spirits/sneaky_spirits_text.c	D_0805bb9c	Right...	要来了…	final	
games/sneaky_spirits/sneaky_spirits_text.c:D_0805bba8	games/sneaky_spirits/sneaky_spirits_text.c	D_0805bba8	Don't let any get past you!	那么，正式开始。	final	
games/sneaky_spirits/sneaky_spirits_text.c:D_0805bbc8	games/sneaky_spirits/sneaky_spirits_text.c	D_0805bbc8	Spooky voices agree...	细雨呢喃	final	
games/sneaky_spirits/sneaky_spirits_text.c:D_0805bbd8	games/sneaky_spirits/sneaky_spirits_text.c	D_0805bbd8	Your archery fundamentals needed work.	最基本的都还做不到呢。	final	
games/sneaky_spirits/sneaky_spirits_text.c:D_0805bbf8	games/sneaky_spirits/sneaky_spirits_text.c	D_0805bbf8	The silent ghosts sneaked past you.	声音一消失，你好像就会慌呢…	final	
games/sneaky_spirits/sneaky_spirits_text.c:D_0805bc1c	games/sneaky_spirits/sneaky_spirits_text.c	D_0805bc1c	You hit them even when they were quiet.	就算声音消失了也很镇定！	final	
games/sneaky_spirits/sneaky_spirits_text.c:D_0805bc3c	games/sneaky_spirits/sneaky_spirits_text.c	D_0805bc3c	Don't forget to count in your head.	可要好好数拍子哦。	final	
games/sneaky_spirits/sneaky_spirits_text.c:D_0805bc5c	games/sneaky_spirits/sneaky_spirits_text.c	D_0805bc5c	Your internal count was spot on!	默数拍子很准啊！	final	
games/sneaky_spirits/sneaky_spirits_text.c:D_0805bc78	games/sneaky_spirits/sneaky_spirits_text.c	D_0805bc78	You did superbly against the slow ones.	就算速度超慢，也完成得很棒！	final	
games/sneaky_spirits/sneaky_spirits_text.c:D_0805bc98	games/sneaky_spirits/sneaky_spirits_text.c	D_0805bc98	Spooky voices agree...	细雨呢喃	final	
games/space_dance/cosmic_dance_text.c:D_0806824c	games/space_dance/cosmic_dance_text.c	D_0806824c	Your routine was disorganized.	总觉得有点乱啊。	final	
games/space_dance/cosmic_dance_text.c:D_08068268	games/space_dance/cosmic_dance_text.c	D_08068268	What lively dance moves!	配合得很合拍哦！	final	
games/space_dance/cosmic_dance_text.c:D_0806827c	games/space_dance/cosmic_dance_text.c	D_0806827c	You seemed panicked throughout.	刚才有点慌了呢。	final	
games/space_dance/cosmic_dance_text.c:D_08068298	games/space_dance/cosmic_dance_text.c	D_08068298	Your timing was terrific!	判断得不错哦！	final	
games/space_dance/cosmic_dance_text.c:D_080682b0	games/space_dance/cosmic_dance_text.c	D_080682b0	You were trembling before the chorus began.	进副歌前那段节奏有点乱啊。	final	
games/space_dance/cosmic_dance_text.c:D_080682d4	games/space_dance/cosmic_dance_text.c	D_080682d4	Your pre-chorus performance was perfect!	进副歌前那段很到位哦！	final	
games/space_dance/cosmic_dance_text.c:D_080682f4	games/space_dance/cosmic_dance_text.c	D_080682f4	Cosmic Girl says...	太空大姐姐的点评	final	
games/space_dance/cosmic_dance_text.c:D_08068310	games/space_dance/cosmic_dance_text.c	D_08068310	Let's begin!	Let's Go！	final	
games/space_dance/space_dance_text.c:D_0805e2ac	games/space_dance/space_dance_text.c	D_0805e2ac	Your disorganisation was visual.	感觉有点乱啊。	final	
games/space_dance/space_dance_text.c:D_0805e2c8	games/space_dance/space_dance_text.c	D_0805e2c8	You were synched!	这不是很合拍嘛！	final	
games/space_dance/space_dance_text.c:D_0805e2e4	games/space_dance/space_dance_text.c	D_0805e2e4	Panic was expressed.	刚才有点慌了啊。	final	
games/space_dance/space_dance_text.c:D_0805e300	games/space_dance/space_dance_text.c	D_0805e300	You possess the skill of good timing!	你的判断很不错嘛！	final	
games/space_dance/space_dance_text.c:D_0805e320	games/space_dance/space_dance_text.c	D_0805e320	Your rattling was felt before the chorus.	进副歌前那段有点散啊。	final	
games/space_dance/space_dance_text.c:D_0805e344	games/space_dance/space_dance_text.c	D_0805e344	The part before the chorus had perfection!	进副歌前那段卡得很漂亮哦！	final	
games/space_dance/space_dance_text.c:D_0805e364	games/space_dance/space_dance_text.c	D_0805e364	Space Gramps says...	太空大叔的点评	final	
games/space_dance/space_dance_text.c:D_0805e37c	games/space_dance/space_dance_text.c	D_0805e37c	Commence motions!	Let's Go！	final	
games/space_dance/space_dance_text.c:D_0805e38c	games/space_dance/space_dance_text.c	D_0805e38c	It is the time to dance together.	大家一起来跳舞吧！	final	
games/space_dance/space_dance_text.c:D_0805e3a8	games/space_dance/space_dance_text.c	D_0805e3a8	First, learn the motion fundamentals.	首先，要记住 3 个动作。	final	
games/space_dance/space_dance_text.c:D_0805e3d8	games/space_dance/space_dance_text.c	D_0805e3d8	Motion the first!	那么，第 1 个。	final	
games/space_dance/space_dance_text.c:D_0805e3ec	games/space_dance/space_dance_text.c	D_0805e3ec	Observe and duplicate!	跟着做！	final	
games/space_dance/space_dance_text.c:D_0805e3fc	games/space_dance/space_dance_text.c	D_0805e3fc	Satisfactory is being!	OK！	final	
games/space_dance/space_dance_text.c:D_0805e3fd	games/space_dance/space_dance_text.c	D_0805e3fd	You have squatted acceptably!	下蹲动作合格！	final	
games/space_dance/space_dance_text.c:D_0805e3fe	games/space_dance/space_dance_text.c	D_0805e3fe	Punching to required proficiency!	出拳动作达标！	final	
games/space_dance/space_dance_text.c:D_0805e404	games/space_dance/space_dance_text.c	D_0805e404	Now is time for the next teaching.	下一个。	final	
games/space_dance/space_dance_text.c:D_0805e40c	games/space_dance/space_dance_text.c	D_0805e40c	Movement the final!	最后一个。	final	
games/space_dance/space_dance_text.c:D_0805e414	games/space_dance/space_dance_text.c	D_0805e414	The time of the dancings shall begin!	那么，正式开始！	final	
games/spaceball/spaceball_text.c:D_0805bdc8	games/spaceball/spaceball_text.c	D_0805bdc8	Your basics were lacking.	基本功还没做到位。	final	
games/spaceball/spaceball_text.c:D_0805bde8	games/spaceball/spaceball_text.c	D_0805bde8	Work on your grip.	蓄势那一下不够帅啊。	final	
games/spaceball/spaceball_text.c:D_0805be00	games/spaceball/spaceball_text.c	D_0805be00	Nice grip!	蓄势很稳！	final	
games/spaceball/spaceball_text.c:D_0805be1c	games/spaceball/spaceball_text.c	D_0805be1c	You relied too much on the screen.	你太依赖画面了。	final	
games/spaceball/spaceball_text.c:D_0805be34	games/spaceball/spaceball_text.c	D_0805be34	You could bat with your eyes closed!	看不见也能打出来！	final	
games/spaceball/spaceball_text.c:D_0805be50	games/spaceball/spaceball_text.c	D_0805be50	The speed tripped you up.	速度一快就招架不住了啊。	final	
games/spaceball/spaceball_text.c:D_0805be6c	games/spaceball/spaceball_text.c	D_0805be6c	The speed was no match for you!	快节奏打得很完美！	final	
games/spaceball/spaceball_text.c:D_0805be80	games/spaceball/spaceball_text.c	D_0805be80	Your basics were lacking.	基本功还没做到位。	final	
games/spaceball/spaceball_text.c:D_0805bea0	games/spaceball/spaceball_text.c	D_0805bea0	Work on your grip.	蓄势那一下不够帅啊。	final	
games/spaceball/spaceball_text.c:D_0805beb8	games/spaceball/spaceball_text.c	D_0805beb8	Nice grip!	蓄势很稳！	final	
games/spaceball/spaceball_text.c:D_0805bed4	games/spaceball/spaceball_text.c	D_0805bed4	You relied too much on the screen.	你太依赖画面了。	final	
games/spaceball/spaceball_text.c:D_0805beec	games/spaceball/spaceball_text.c	D_0805beec	You could bat with your eyes closed!	看不见也能打出来！	final	
games/spaceball/spaceball_text.c:D_0805bf08	games/spaceball/spaceball_text.c	D_0805bf08	The speed tripped you up.	速度一快就招架不住了啊。	final	
games/spaceball/spaceball_text.c:D_0805bf24	games/spaceball/spaceball_text.c	D_0805bf24	The speed was no match for you!	快节奏打得很完美！	final	
games/spaceball/spaceball_text.c:D_0805bf38	games/spaceball/spaceball_text.c	D_0805bf38	Your basics were lacking.	基本功还没做到位。	final	
games/spaceball/spaceball_text.c:D_0805bf58	games/spaceball/spaceball_text.c	D_0805bf58	Work on your grip.	蓄势那一下不够帅啊。	final	
games/spaceball/spaceball_text.c:D_0805bf70	games/spaceball/spaceball_text.c	D_0805bf70	Nice grip!	蓄势很稳！	final	
games/spaceball/spaceball_text.c:D_0805bf8c	games/spaceball/spaceball_text.c	D_0805bf8c	You couldn't cope with the camera's movement.	太依赖眼睛看到的东西了。	final	
games/spaceball/spaceball_text.c:D_0805bfa8	games/spaceball/spaceball_text.c	D_0805bfa8	You could bat with your eyes closed!	看不见也照样能打！	final	
games/spaceball/spaceball_text.c:D_0805bfc4	games/spaceball/spaceball_text.c	D_0805bfc4	The speed tripped you up.	被速度带跑了啊。	final	
games/spaceball/spaceball_text.c:D_0805bfe0	games/spaceball/spaceball_text.c	D_0805bfe0	You did well during the fast part!	快节奏很完美！	final	
games/spaceball/spaceball_text.c:D_0805bff8	games/spaceball/spaceball_text.c	D_0805bff8	Scorecard	评价	final	
games/spaceball/spaceball_text.c:D_0805c004	games/spaceball/spaceball_text.c	D_0805c004	Your basics were lacking.	基本功还没做到位。	final	
games/spaceball/spaceball_text.c:D_0805c024	games/spaceball/spaceball_text.c	D_0805c024	Work on your grip.	蓄势那一下不够帅啊。	final	
games/spaceball/spaceball_text.c:D_0805c03c	games/spaceball/spaceball_text.c	D_0805c03c	Nice grip!	蓄势很稳！	final	
games/spaceball/spaceball_text.c:D_0805c058	games/spaceball/spaceball_text.c	D_0805c058	You couldn't cope with the camera's movement.	太依赖眼睛看到的东西了。	final	
games/spaceball/spaceball_text.c:D_0805c074	games/spaceball/spaceball_text.c	D_0805c074	You could bat with your eyes closed!	看不见也照样能打！	final	
games/spaceball/spaceball_text.c:D_0805c090	games/spaceball/spaceball_text.c	D_0805c090	The speed tripped you up.	速度一快就招架不住了啊。	final	
games/spaceball/spaceball_text.c:D_0805c0ac	games/spaceball/spaceball_text.c	D_0805c0ac	You did well during the fast part!	快节奏很完美！	final	
games/spaceball/spaceball_text.c:D_0805c0c4	games/spaceball/spaceball_text.c	D_0805c0c4	Scorecard	评价	final	
games/staff_credit/staff_credit_text.c:D_08069a48	games/staff_credit/staff_credit_text.c	D_08069a48	\0023Staff Credits	制作人员	final	control codes need review
games/staff_credit/staff_credit_text.c:D_08069a58	games/staff_credit/staff_credit_text.c	D_08069a58	\0023Producers	制作人	final	control codes need review
games/staff_credit/staff_credit_text.c:D_08069a64	games/staff_credit/staff_credit_text.c	D_08069a64	Tsunku♂	つんく♂	final	
games/staff_credit/staff_credit_text.c:D_08069a70	games/staff_credit/staff_credit_text.c	D_08069a70	Y. Sakamoto	坂本 賀勇	final	
games/staff_credit/staff_credit_text.c:D_08069a7c	games/staff_credit/staff_credit_text.c	D_08069a7c	\0023Supervisors	监修	final	control codes need review
games/staff_credit/staff_credit_text.c:D_08069a88	games/staff_credit/staff_credit_text.c	D_08069a88	K. Yamano	山野 勝也	final	
games/staff_credit/staff_credit_text.c:D_08069a94	games/staff_credit/staff_credit_text.c	D_08069a94	H. Iida	飯田 寛	final	
games/staff_credit/staff_credit_text.c:D_08069a9c	games/staff_credit/staff_credit_text.c	D_08069a9c	N. Umemoto	梅本 のぶやす	final	
games/staff_credit/staff_credit_text.c:D_08069aa8	games/staff_credit/staff_credit_text.c	D_08069aa8	\0023Chief Director	总监	final	control codes need review
games/staff_credit/staff_credit_text.c:D_08069ab8	games/staff_credit/staff_credit_text.c	D_08069ab8	K. Osawa	大澤 和義	final	
games/staff_credit/staff_credit_text.c:D_08069ac0	games/staff_credit/staff_credit_text.c	D_08069ac0	\0023Game Design	游戏设计	final	control codes need review
games/staff_credit/staff_credit_text.c:D_08069acc	games/staff_credit/staff_credit_text.c	D_08069acc	K. Takeuchi	竹内 高	final	
games/staff_credit/staff_credit_text.c:D_08069ad8	games/staff_credit/staff_credit_text.c	D_08069ad8	M. Yone	米 政美	final	
games/staff_credit/staff_credit_text.c:D_08069ae0	games/staff_credit/staff_credit_text.c	D_08069ae0	S. Ikeo	池尾 佐知子	final	
games/staff_credit/staff_credit_text.c:D_08069ae8	games/staff_credit/staff_credit_text.c	D_08069ae8	N. Furuta	古田 律克	final	
games/staff_credit/staff_credit_text.c:D_08069af4	games/staff_credit/staff_credit_text.c	D_08069af4	R. Takahashi	高橋 龍太郎	final	
games/staff_credit/staff_credit_text.c:D_08069b00	games/staff_credit/staff_credit_text.c	D_08069b00	Y. Takeuchi	竹内 康貴	final	
games/staff_credit/staff_credit_text.c:D_08069b0c	games/staff_credit/staff_credit_text.c	D_08069b0c	M. Kawano	河野 正博	final	
games/staff_credit/staff_credit_text.c:D_08069b18	games/staff_credit/staff_credit_text.c	D_08069b18	\0023Program Director	程序总监	final	control codes need review
games/staff_credit/staff_credit_text.c:D_08069b2c	games/staff_credit/staff_credit_text.c	D_08069b2c	\0023Programming	程序	final	control codes need review
games/staff_credit/staff_credit_text.c:D_08069b38	games/staff_credit/staff_credit_text.c	D_08069b38	\0023Design Director	美术总监	final	control codes need review
games/staff_credit/staff_credit_text.c:D_08069b48	games/staff_credit/staff_credit_text.c	D_08069b48	\0023Design	美术	final	control codes need review
games/staff_credit/staff_credit_text.c:D_08069b50	games/staff_credit/staff_credit_text.c	D_08069b50	F. Miyamoto	宮本 文子	final	
games/staff_credit/staff_credit_text.c:D_08069b5c	games/staff_credit/staff_credit_text.c	D_08069b5c	\0023Sound Directors	音频总监	final	control codes need review
games/staff_credit/staff_credit_text.c:D_08069b6c	games/staff_credit/staff_credit_text.c	D_08069b6c	H. Oguro	小黒 薫輝	final	
games/staff_credit/staff_credit_text.c:D_08069b74	games/staff_credit/staff_credit_text.c	D_08069b74	K. Kamada	鎌田 浩二	final	
games/staff_credit/staff_credit_text.c:D_08069b80	games/staff_credit/staff_credit_text.c	D_08069b80	\0023Music	音乐	final	control codes need review
games/staff_credit/staff_credit_text.c:D_08069b88	games/staff_credit/staff_credit_text.c	D_08069b88	\0023Music Arrangement	编曲	final	control codes need review
games/staff_credit/staff_credit_text.c:D_08069b9c	games/staff_credit/staff_credit_text.c	D_08069b9c	K. Yuasa	湯浅 公一	final	
games/staff_credit/staff_credit_text.c:D_08069ba4	games/staff_credit/staff_credit_text.c	D_08069ba4	H. D. Suzuki	鈴木 DAICHI 秀行	final	
games/staff_credit/staff_credit_text.c:D_08069bb0	games/staff_credit/staff_credit_text.c	D_08069bb0	K. Okubo	大久保 薫	final	
games/staff_credit/staff_credit_text.c:D_08069bb8	games/staff_credit/staff_credit_text.c	D_08069bb8	D. Shiiba	椎葉 大翼	final	
games/staff_credit/staff_credit_text.c:D_08069bc4	games/staff_credit/staff_credit_text.c	D_08069bc4	\0023Sound Effects	音效	final	control codes need review
games/staff_credit/staff_credit_text.c:D_08069bd4	games/staff_credit/staff_credit_text.c	D_08069bd4	T. Fujii	藤井 貴矢	final	
games/staff_credit/staff_credit_text.c:D_08069bdc	games/staff_credit/staff_credit_text.c	D_08069bdc	\0023Singers	演唱	final	control codes need review
games/staff_credit/staff_credit_text.c:D_08069be4	games/staff_credit/staff_credit_text.c	D_08069be4	Ami Tokito	時東　ぁみ	final	
games/staff_credit/staff_credit_text.c:D_08069bf0	games/staff_credit/staff_credit_text.c	D_08069bf0	Soshi Tanaka	田中　総史	final	
games/staff_credit/staff_credit_text.c:D_08069bfc	games/staff_credit/staff_credit_text.c	D_08069bfc	\0023Voice	配音	final	control codes need review
games/staff_credit/staff_credit_text.c:D_08069c04	games/staff_credit/staff_credit_text.c	D_08069c04	N. Kitamura	北村 典子	final	
games/staff_credit/staff_credit_text.c:D_08069c10	games/staff_credit/staff_credit_text.c	D_08069c10	M. Nomura	野村 真穂	final	
games/staff_credit/staff_credit_text.c:D_08069c1c	games/staff_credit/staff_credit_text.c	D_08069c1c	\0023Debug	测试	final	control codes need review
games/staff_credit/staff_credit_text.c:D_08069c24	games/staff_credit/staff_credit_text.c	D_08069c24	Y. Adachi	安達 悠平	final	
games/staff_credit/staff_credit_text.c:D_08069c30	games/staff_credit/staff_credit_text.c	D_08069c30	N. Hashida	橋田 直樹	final	
games/staff_credit/staff_credit_text.c:D_08069c3c	games/staff_credit/staff_credit_text.c	D_08069c3c	S. Takada	髙田 成雄	final	
games/staff_credit/staff_credit_text.c:D_08069c48	games/staff_credit/staff_credit_text.c	D_08069c48	D. Nishikawa	西川 大輔	final	
games/staff_credit/staff_credit_text.c:D_08069c54	games/staff_credit/staff_credit_text.c	D_08069c54	R. Sugo	西郷 すご	draft	
games/staff_credit/staff_credit_text.c:D_08069c5c	games/staff_credit/staff_credit_text.c	D_08069c5c	S. Adachi	足立 真吾	final	
games/staff_credit/staff_credit_text.c:D_08069c68	games/staff_credit/staff_credit_text.c	D_08069c68	H. Sakaguchi	坂口 さかぐち	draft	
games/staff_credit/staff_credit_text.c:D_08069c74	games/staff_credit/staff_credit_text.c	D_08069c74	N. Watanabe	渡辺 紀之	final	
games/staff_credit/staff_credit_text.c:D_08069c80	games/staff_credit/staff_credit_text.c	D_08069c80	H. Matsuda	松田 まつだ	draft	
games/staff_credit/staff_credit_text.c:D_08069c8c	games/staff_credit/staff_credit_text.c	D_08069c8c	D. Morita	森田 もりた	draft	
games/staff_credit/staff_credit_text.c:D_08069c98	games/staff_credit/staff_credit_text.c	D_08069c98	K. Umeda	梅田 うめだ	draft	
games/staff_credit/staff_credit_text.c:D_08069ca0	games/staff_credit/staff_credit_text.c	D_08069ca0	Y. Nakai	中井 なかい	draft	
games/staff_credit/staff_credit_text.c:D_08069ca8	games/staff_credit/staff_credit_text.c	D_08069ca8	Y. Fujikawa	藤川 容子	final	
games/staff_credit/staff_credit_text.c:D_08069cb4	games/staff_credit/staff_credit_text.c	D_08069cb4	K. Nishimoto	西本 にしもと	draft	
games/staff_credit/staff_credit_text.c:D_08069cc0	games/staff_credit/staff_credit_text.c	D_08069cc0	T. Akiho	海保 あきほ	draft	
games/staff_credit/staff_credit_text.c:D_08069cc8	games/staff_credit/staff_credit_text.c	D_08069cc8	J. Terai	寺井 准	final	
games/staff_credit/staff_credit_text.c:D_08069cd0	games/staff_credit/staff_credit_text.c	D_08069cd0	A. Shimizubata	清水端 しみずばた	draft	
games/staff_credit/staff_credit_text.c:D_08069ce0	games/staff_credit/staff_credit_text.c	D_08069ce0	Y. Yamashita	山下 やました	draft	
games/staff_credit/staff_credit_text.c:D_08069cec	games/staff_credit/staff_credit_text.c	D_08069cec	\0023Special Thanks	特别鸣谢	final	control codes need review
games/staff_credit/staff_credit_text.c:D_08069cfc	games/staff_credit/staff_credit_text.c	D_08069cfc	Y. Kuratsune	鞍常 くらつね	draft	
games/staff_credit/staff_credit_text.c:D_08069d08	games/staff_credit/staff_credit_text.c	D_08069d08	R. Kaimoto	改元 竜太	final	
games/staff_credit/staff_credit_text.c:D_08069d14	games/staff_credit/staff_credit_text.c	D_08069d14	H. Sakagami	坂上 博樹	final	
games/staff_credit/staff_credit_text.c:D_08069d20	games/staff_credit/staff_credit_text.c	D_08069d20	R. Yoshitomi	吉冨 亮二	final	
games/staff_credit/staff_credit_text.c:D_08069d2c	games/staff_credit/staff_credit_text.c	D_08069d2c	S. Yamamoto	山本 伸樹	final	
games/staff_credit/staff_credit_text.c:D_08069d38	games/staff_credit/staff_credit_text.c	D_08069d38	T. Hotta	堀田 拓司	final	
games/staff_credit/staff_credit_text.c:D_08069d40	games/staff_credit/staff_credit_text.c	D_08069d40	N. Matsumiya	松宮 信雄	final	
games/staff_credit/staff_credit_text.c:D_08069d4c	games/staff_credit/staff_credit_text.c	D_08069d4c	M. Mitsubach	みつばち　まき	final	
games/staff_credit/staff_credit_text.c:D_08069d5c	games/staff_credit/staff_credit_text.c	D_08069d5c	A. Kenmochi	剣持 あゆち	final	
games/staff_credit/staff_credit_text.c:D_08069d68	games/staff_credit/staff_credit_text.c	D_08069d68	H. Nakano	中野 ひとみ	final	
games/staff_credit/staff_credit_text.c:D_08069d74	games/staff_credit/staff_credit_text.c	D_08069d74	\0023You!	还有你	final	control codes need review
games/staff_credit/staff_credit_text.c:D_08069d7c	games/staff_credit/staff_credit_text.c	D_08069d7c	\0023	执行	final	control codes need review
games/staff_credit/staff_credit_text.c:D_08069d88	games/staff_credit/staff_credit_text.c	D_08069d88	\0023Executive Producers	制作人	final	control codes need review
games/staff_credit/staff_credit_text.c:D_08069d98	games/staff_credit/staff_credit_text.c	D_08069d98	S. Iwata	岩田 聡	final	
games/staff_credit/staff_credit_text.c:D_08069da0	games/staff_credit/staff_credit_text.c	D_08069da0	S. Terai	寺井 てらい	draft	
games/staff_credit/staff_credit_text.c:D_08069dac	games/staff_credit/staff_credit_text.c	D_08069dac	(C) 2006 Nintendo / J.P ROOM	(C)2006 Nintendo/J.P.ROOM	final	
games/staff_credit/staff_credit_text.c:D_08069dc8	games/staff_credit/staff_credit_text.c	D_08069dc8	\nHey, you did it!	辛苦了。	final	
games/staff_credit/staff_credit_text.c:D_08069ddc	games/staff_credit/staff_credit_text.c	D_08069ddc	You worked hard out there!\nSo, do you think your sense\nof rhythm has gotten a little\nbit better now?	"你真的很努力呢！
你的节奏感要是
变得更好了，我会很开心的。
"	final	
games/staff_credit/staff_credit_text.c:D_08069e24	games/staff_credit/staff_credit_text.c	D_08069e24	You're not done yet, though!\nYou may have reached the\ncredits, but there's still more\nto play!	"已经通关的游戏，
往往是玩熟了以后
才最有意思，所以之后也
再拿出来玩玩看吧！"	final	
games/staff_credit/staff_credit_text.c:D_08069e78	games/staff_credit/staff_credit_text.c	D_08069e78	But before all that,\nlet me show you all of\nthe people who worked\non the game.	"后面还有一点内容，
不过先在这里
给你介绍一下
制作人员吧。"	final	
games/staff_credit/staff_credit_text.c:D_08069ed4	games/staff_credit/staff_credit_text.c	D_08069ed4	\nWell, here we go!	那么，请看吧〜！	final	
games/staff_credit/staff_credit_text.c:D_08069ee8	games/staff_credit/staff_credit_text.c	D_08069ee8	\nHey, welcome back!	你好呀！	final	
games/staff_credit/staff_credit_text.c:D_08069ef8	games/staff_credit/staff_credit_text.c	D_08069ef8	Are you holding up well?\nIs your sense of rhythm\nstill improving?\nI sure hope so!	"还在加油吗？
你的节奏感要是
变得更好了，我会很开心的。
"	final	
games/staff_credit/staff_credit_text.c:D_08069f40	games/staff_credit/staff_credit_text.c	D_08069f40	You know, nothing's more fun\nthan mastering games.\nYou should keep replaying\nthem to get better!	"已经通关的游戏，
往往是玩熟了以后
才最有意思，所以也要
多玩几次哦！"	final	
games/staff_credit/staff_credit_text.c:D_08069f90	games/staff_credit/staff_credit_text.c	D_08069f90	Anyway, here's the game's\nstaff again.\nI wonder what they're\nworking on now...	"对了，还得介绍
游戏的制作人员呢。
不知道他们现在
又在做什么游戏呢…"	final	
games/staff_credit/staff_credit_text.c:D_08069fe4	games/staff_credit/staff_credit_text.c	D_08069fe4	\nWell, here we go!	"好了，先不说这个。
那么，请看吧〜！"	final	
games/tap_trial/engine.c:D_089e8054[0]	games/tap_trial/engine.c	D_089e8054[0]	Divine!	挺行嘛！！	final	
games/tap_trial/engine.c:D_089e8054[1]	games/tap_trial/engine.c	D_089e8054[1]	Dazzling!	真帅！！	final	
games/tap_trial/engine.c:D_089e8054[2]	games/tap_trial/engine.c	D_089e8054[2]	So technical!	技术真硬！	final	
games/tap_trial/engine.c:D_089e8054[3]	games/tap_trial/engine.c	D_089e8054[3]	Sharp work!	酷毙了！！	final	
games/tap_trial/engine.c:D_089e8054[4]	games/tap_trial/engine.c	D_089e8054[4]	I think I'm in love!	我都迷上你啦！！	final	
games/tap_trial/tap_trial_2_text.c:D_08067b28	games/tap_trial/tap_trial_2_text.c	D_08067b28	You haven't got it.	还差点意思啊。	final	
games/tap_trial/tap_trial_2_text.c:D_08067b38	games/tap_trial/tap_trial_2_text.c	D_08067b38	You've got it!	真行啊！ 真行！	final	
games/tap_trial/tap_trial_2_text.c:D_08067b50	games/tap_trial/tap_trial_2_text.c	D_08067b50	Not quick enough.	速度还差一点呢。	final	
games/tap_trial/tap_trial_2_text.c:D_08067b6c	games/tap_trial/tap_trial_2_text.c	D_08067b6c	Good speed!	这速度不错啊！	final	
games/tap_trial/tap_trial_2_text.c:D_08067b80	games/tap_trial/tap_trial_2_text.c	D_08067b80	Work on your technique.	技术还差一点啊。	final	
games/tap_trial/tap_trial_2_text.c:D_08067b90	games/tap_trial/tap_trial_2_text.c	D_08067b90	Nice technique!	挺有一手啊！	final	
games/tap_trial/tap_trial_2_text.c:D_08067ba0	games/tap_trial/tap_trial_2_text.c	D_08067ba0	MON-K's feedback:	来自 SALU 的一句话	final	
games/tap_trial/tap_trial_2_text.c:D_08067bb8	games/tap_trial/tap_trial_2_text.c	D_08067bb8	Follow me!	跟上来啊！	final	
games/tap_trial/tap_trial_text.c:D_0805c0d0	games/tap_trial/tap_trial_text.c	D_0805c0d0	Your basics were a little sloppy.	基本功还没做到位呢。	final	
games/tap_trial/tap_trial_text.c:D_0805c0ec	games/tap_trial/tap_trial_text.c	D_0805c0ec	You stayed focused no matter what!	适应能力不错！	final	
games/tap_trial/tap_trial_text.c:D_0805c104	games/tap_trial/tap_trial_text.c	D_0805c104	Your decisions took too long.	判断还差一点。	final	
games/tap_trial/tap_trial_text.c:D_0805c11c	games/tap_trial/tap_trial_text.c	D_0805c11c	You thought on the spot well!	判断真不赖！	final	
games/tap_trial/tap_trial_text.c:D_0805c130	games/tap_trial/tap_trial_text.c	D_0805c130	You needed to concentrate more.	再集中一点吧。	final	
games/tap_trial/tap_trial_text.c:D_0805c144	games/tap_trial/tap_trial_text.c	D_0805c144	You were clearly concentrating hard.	这专注力很厉害哦！	final	
games/tap_trial/tap_trial_text.c:D_0805c15c	games/tap_trial/tap_trial_text.c	D_0805c15c	You let your guard down at the end.	收尾还不够利落。	final	
games/tap_trial/tap_trial_text.c:D_0805c174	games/tap_trial/tap_trial_text.c	D_0805c174	Let's dance!	正式开始！	final	
games/tap_trial/tap_trial_text.c:D_0805c18c	games/tap_trial/tap_trial_text.c	D_0805c18c	I love tap!	我要开始检查咯。	final	
games/tap_trial/tap_trial_text.c:D_0805c1a8	games/tap_trial/tap_trial_text.c	D_0805c1a8	What a performance!	辛苦你啦。	final	
games/tap_trial/tap_trial_text.c:D_0805c1bc	games/tap_trial/tap_trial_text.c	D_0805c1bc	Let's tap!	来踢踏吧！	final	
games/tap_trial/tap_trial_text.c:D_0805c1d0	games/tap_trial/tap_trial_text.c	D_0805c1d0	Practise first!	先来练习。	final	
games/tap_trial/tap_trial_text.c:D_0805c1e8	games/tap_trial/tap_trial_text.c	D_0805c1e8	Just copy us!	跟着做哦。	final	
games/tap_trial/tap_trial_text.c:D_0805c1f8	games/tap_trial/tap_trial_text.c	D_0805c1f8	OK, here's another step!	OK！ 下一个来啦。	final	
games/tap_trial/tap_trial_text.c:D_0805c210	games/tap_trial/tap_trial_text.c	D_0805c210	Nice! One more! 	OK！ 还有哦。	final	
games/tap_trial/tap_trial_text.c:D_0805c228	games/tap_trial/tap_trial_text.c	D_0805c228	Good! Last one!	OK！ 最后啦。	final	
games/tap_trial/tap_trial_text.c:D_0805c240	games/tap_trial/tap_trial_text.c	D_0805c240	Ookii! Nice work!	OK！	final	
games/tap_trial/tap_trial_text.c:D_0805c248	games/tap_trial/tap_trial_text.c	D_0805c248	Your basics were a little sloppy.	基本功可能还差一点…	final	
games/tap_trial/tap_trial_text.c:D_0805c264	games/tap_trial/tap_trial_text.c	D_0805c264	You showed real rhythm potential!	已经很上手啦！	final	
games/tap_trial/tap_trial_text.c:D_0805c274	games/tap_trial/tap_trial_text.c	D_0805c274	You seemed to be looking for the rhythm.	判断可能还差一点…	final	
games/tap_trial/tap_trial_text.c:D_0805c290	games/tap_trial/tap_trial_text.c	D_0805c290	You had nice rhythm awareness!	这判断真可以哦！	final	
games/tap_trial/tap_trial_text.c:D_0805c2a8	games/tap_trial/tap_trial_text.c	D_0805c2a8	You needed to concentrate more.	再集中一点吧。	final	
games/tap_trial/tap_trial_text.c:D_0805c2bc	games/tap_trial/tap_trial_text.c	D_0805c2bc	You were clearly concentrating hard.	专注力真厉害呀〜！	final	
games/tap_trial/tap_trial_text.c:D_0805c2d4	games/tap_trial/tap_trial_text.c	D_0805c2d4	Did you lose focus at the end?	收尾可能还差一点。	final	
games/tap_trial/tap_trial_text.c:D_0805c2ec	games/tap_trial/tap_trial_text.c	D_0805c2ec	Monkey feedback:	猴子的点评	final	
games/tap_trial/tap_trial_text.c:D_0805c300	games/tap_trial/tap_trial_text.c	D_0805c300	Let's dance!	正式开始！	final	
games/tap_trial/tap_trial_text.c:D_0805c318	games/tap_trial/tap_trial_text.c	D_0805c318	I love tap!	我要开始检查咯。	final	
games/tap_trial/tap_trial_text.c:D_0805c334	games/tap_trial/tap_trial_text.c	D_0805c334	What a performance!	辛苦你啦。	final	
games/tap_trial/tap_trial_text.c:D_0805c348	games/tap_trial/tap_trial_text.c	D_0805c348	Let's tap!	来踢踏吧！	final	
games/tap_trial/tap_trial_text.c:D_0805c35c	games/tap_trial/tap_trial_text.c	D_0805c35c	Practise first!	先来练习。	final	
games/tap_trial/tap_trial_text.c:D_0805c374	games/tap_trial/tap_trial_text.c	D_0805c374	Just copy us!	跟着做哦。	final	
games/tap_trial/tap_trial_text.c:D_0805c384	games/tap_trial/tap_trial_text.c	D_0805c384	OK, here's another step!	OK！ 下一个来啦。	final	
games/tap_trial/tap_trial_text.c:D_0805c39c	games/tap_trial/tap_trial_text.c	D_0805c39c	Nice! One more! 	OK！ 还有哦。	final	
games/tap_trial/tap_trial_text.c:D_0805c3b4	games/tap_trial/tap_trial_text.c	D_0805c3b4	Good! Last one!	OK！ 最后啦。	final	
games/tap_trial/tap_trial_text.c:D_0805c3cc	games/tap_trial/tap_trial_text.c	D_0805c3cc	Ookii! Nice work!	OK！	final	
games/toss_boys/toss_boys_text.c:D_0805d618	games/toss_boys/toss_boys_text.c	D_0805d618	You need to practise throwing more.	看来还没练出成果啊。	final	
games/toss_boys/toss_boys_text.c:D_0805d634	games/toss_boys/toss_boys_text.c	D_0805d634	Your throwing was impressive!	基本功很扎实！	final	
games/toss_boys/toss_boys_text.c:D_0805d64c	games/toss_boys/toss_boys_text.c	D_0805d64c	You all seem a bit tense.	是不是有点着急了？	final	
games/toss_boys/toss_boys_text.c:D_0805d660	games/toss_boys/toss_boys_text.c	D_0805d660	You kept your cool throughout!	挺沉着的嘛！	final	
games/toss_boys/toss_boys_text.c:D_0805d678	games/toss_boys/toss_boys_text.c	D_0805d678	You couldn't keep up to speed.	跟上这个速度。	final	
games/toss_boys/toss_boys_text.c:D_0805d694	games/toss_boys/toss_boys_text.c	D_0805d694	Speed's no problem for you three!	这速度你已经跟得很稳啦！！	final	
games/toss_boys/toss_boys_text.c:D_0805d6b0	games/toss_boys/toss_boys_text.c	D_0805d6b0	Tips from the referee:	教练的话	final	
games/toss_boys/toss_boys_text.c:D_0805d6c4	games/toss_boys/toss_boys_text.c	D_0805d6c4	\nTime to throw our best!	要上咯——！	final	
games/toss_boys/toss_boys_text.c:D_0805d6d4	games/toss_boys/toss_boys_text.c	D_0805d6d4	\nThat's a wrap!	结束啦。	final	
games/toss_boys/toss_boys_text.c:D_0805d6e0	games/toss_boys/toss_boys_text.c	D_0805d6e0	You need to practise throwing more.	看来还没练出成果啊。	final	
games/toss_boys/toss_boys_text.c:D_0805d6fc	games/toss_boys/toss_boys_text.c	D_0805d6fc	Your throwing was impressive!	基本功很扎实！	final	
games/toss_boys/toss_boys_text.c:D_0805d714	games/toss_boys/toss_boys_text.c	D_0805d714	You all seem a bit tense.	是不是有点着急了？	final	
games/toss_boys/toss_boys_text.c:D_0805d728	games/toss_boys/toss_boys_text.c	D_0805d728	You kept your cool throughout!	挺沉着的嘛！	final	
games/toss_boys/toss_boys_text.c:D_0805d740	games/toss_boys/toss_boys_text.c	D_0805d740	You couldn't keep up to speed.	跟上这个速度。	final	
games/toss_boys/toss_boys_text.c:D_0805d75c	games/toss_boys/toss_boys_text.c	D_0805d75c	Speed's no problem for you three!	这速度你已经跟得很稳啦！！	final	
games/toss_boys/toss_boys_text.c:D_0805d778	games/toss_boys/toss_boys_text.c	D_0805d778	Tips from the referee:	教练的话	final	
games/toss_boys/toss_boys_text.c:D_0805d78c	games/toss_boys/toss_boys_text.c	D_0805d78c	\nLet's try out our routine!	正式来咯——！	final	
games/toss_boys/toss_boys_text.c:D_0805d7a8	games/toss_boys/toss_boys_text.c	D_0805d7a8	\nThat's a wrap!	结束啦。	final	
games/toss_boys/toss_boys_text.c:D_0805d7b4	games/toss_boys/toss_boys_text.c	D_0805d7b4	\nAlright! Let's get some practice in!	好伙伴一起练习中	final	
games/toss_boys/toss_boys_text.c:D_0805d7cc	games/toss_boys/toss_boys_text.c	D_0805d7cc	Toss Technique 1:\n\x03\x31\x01\x6d\x05\x30\x01\x34Red's A-B Pass-Toss\x03\x30\x01\x73\x05\x34\x01\x38	"必杀技 1
AB 来回传球"	final	control codes need review
games/toss_boys/toss_boys_text.c:D_0805d7fc	games/toss_boys/toss_boys_text.c	D_0805d7fc	\nLet's do it one more time!	再来一次	final	
games/toss_boys/toss_boys_text.c:D_0805d80c	games/toss_boys/toss_boys_text.c	D_0805d80c	\nGreat throwing!	不错哦！	final	
games/toss_boys/toss_boys_text.c:D_0805d818	games/toss_boys/toss_boys_text.c	D_0805d818	Toss Technique 2:\n\x03\x31\x01\x6d\x05\x30\x01\x34Blue's Bounce-Toss\x03\x30\x01\x73\x05\x34\x01\x38	"必杀技 2
蓝色自传球"	final	control codes need review
games/toss_boys/toss_boys_text.c:D_0805d848	games/toss_boys/toss_boys_text.c	D_0805d848	\nOnce again!	再来一次〜	final	
games/toss_boys/toss_boys_text.c:D_0805d85c	games/toss_boys/toss_boys_text.c	D_0805d85c	\nGood job!	对对对！！	final	
games/toss_boys/toss_boys_text.c:D_0805d86c	games/toss_boys/toss_boys_text.c	D_0805d86c	Toss Technique 3:\n\x03\x31\x01\x6d\x05\x30\x01\x34Yellow's Quick-Toss\x03\x30\x01\x73\x05\x34\x01\x38	"必杀技 3
黄色快传"	final	control codes need review
games/toss_boys/toss_boys_text.c:D_0805d8a0	games/toss_boys/toss_boys_text.c	D_0805d8a0	\nOnce more for good measure!	再来一次	final	
games/toss_boys/toss_boys_text.c:D_0805d8b0	games/toss_boys/toss_boys_text.c	D_0805d8b0	\nOkay!	OK	final	
games/toss_boys/toss_boys_text.c:D_0805d8bc	games/toss_boys/toss_boys_text.c	D_0805d8bc	\nWe've made good time on practice...	感觉已经挺不错了，	final	
games/tram_and_pauline/tram_pauline_text.c:D_0805dae0	games/tram_and_pauline/tram_pauline_text.c	D_0805dae0	Try harder, Tram.	小蹦，重来一次。	final	
games/tram_and_pauline/tram_pauline_text.c:D_0805dafc	games/tram_and_pauline/tram_pauline_text.c	D_0805dafc	Your tricks were cool!	刚才那下真帅啊！	final	
games/tram_and_pauline/tram_pauline_text.c:D_0805db18	games/tram_and_pauline/tram_pauline_text.c	D_0805db18	Practice more, Pauline.	小床，重来一次。	final	
games/tram_and_pauline/tram_pauline_text.c:D_0805db34	games/tram_and_pauline/tram_pauline_text.c	D_0805db34	What a beautiful performance!	刚才那下真漂亮！	final	
games/tram_and_pauline/tram_pauline_text.c:D_0805db54	games/tram_and_pauline/tram_pauline_text.c	D_0805db54	Try and focus, you two.	别慌，集中一点哦。	final	
games/tram_and_pauline/tram_pauline_text.c:D_0805db74	games/tram_and_pauline/tram_pauline_text.c	D_0805db74	Amazing acrobatics on both ends!	这杂技动作真精彩！	final	
games/tram_and_pauline/tram_pauline_text.c:D_0805db94	games/tram_and_pauline/tram_pauline_text.c	D_0805db94	The Ringmaster's advice:	团长的激励	final	
games/tram_and_pauline/tram_pauline_text.c:D_0805dba0	games/tram_and_pauline/tram_pauline_text.c	D_0805dba0	Hi, I'm Tram...	小蹦和	final	
games/tram_and_pauline/tram_pauline_text.c:D_0805dbb0	games/tram_and_pauline/tram_pauline_text.c	D_0805dbb0	and I'm Pauline...	小床，	final	
games/tram_and_pauline/tram_pauline_text.c:D_0805dbc0	games/tram_and_pauline/tram_pauline_text.c	D_0805dbc0	and together, we trampoline!	一起蹦起来！	final	
games/tram_and_pauline/tram_pauline_text.c:D_0805dbd8	games/tram_and_pauline/tram_pauline_text.c	D_0805dbd8	At the peak of our jumps,	在跳到最高点的时候，	final	
games/tram_and_pauline/tram_pauline_text.c:D_0805dbf4	games/tram_and_pauline/tram_pauline_text.c	D_0805dbf4	press  for me,	我用十字键，	final	
games/tram_and_pauline/tram_pauline_text.c:D_0805dc0c	games/tram_and_pauline/tram_pauline_text.c	D_0805dc0c	and  for me,	我用 A 键，	final	
games/tram_and_pauline/tram_pauline_text.c:D_0805dc24	games/tram_and_pauline/tram_pauline_text.c	D_0805dc24	and we'll transform!	就能变身哦！	final	
games/tram_and_pauline/tram_pauline_text.c:D_0805dc38	games/tram_and_pauline/tram_pauline_text.c	D_0805dc38	Let's practise for a bit!	先来练习一下吧！	final	
games/tram_and_pauline/tram_pauline_text.c:D_0805dc58	games/tram_and_pauline/tram_pauline_text.c	D_0805dc58	Successive jumps now!	连续跳跃！	final	
games/tram_and_pauline/tram_pauline_text.c:D_0805dc70	games/tram_and_pauline/tram_pauline_text.c	D_0805dc70	Two jumps, in turns!	两个人轮流来！	final	
games/tram_and_pauline/tram_pauline_text.c:D_0805dc88	games/tram_and_pauline/tram_pauline_text.c	D_0805dc88	Two jumps, together!	两个人同时来！	final	
games/tram_and_pauline/tram_pauline_text.c:D_0805dc9c	games/tram_and_pauline/tram_pauline_text.c	D_0805dc9c	Now we're ready to start!	好，正式来咯！	final	
games/wizards_waltz/wizards_waltz_text.c:D_0805c9b0	games/wizards_waltz/wizards_waltz_text.c	D_0805c9b0	You seem to lack discipline.	修行还不够啊。	final	
games/wizards_waltz/wizards_waltz_text.c:D_0805c9c8	games/wizards_waltz/wizards_waltz_text.c	D_0805c9c8	You let the music move you!	你已经沉浸在华尔兹节奏里啦！	final	
games/wizards_waltz/wizards_waltz_text.c:D_0805c9e4	games/wizards_waltz/wizards_waltz_text.c	D_0805c9e4	Don't count on your eyes for everything.	你太依赖眼睛了哦。	final	
games/wizards_waltz/wizards_waltz_text.c:D_0805c9fc	games/wizards_waltz/wizards_waltz_text.c	D_0805c9fc	Your pauses were perfect!	间隔把握得很准！	final	
games/wizards_waltz/wizards_waltz_text.c:D_0805ca20	games/wizards_waltz/wizards_waltz_text.c	D_0805ca20	The Great Sorcerer's Revelations	大魔导师的启示	final	
